client_id,client_type,gender,country,region,acquisition_purpose,satisfaction_score,loan_applied,referral_channel,age,purchases,total_investment,avg_purchase_price,avg_area_sqft,avg_price_per_sqft,towers,segment,cluster,is_loan,is_investment
C0001,Individual,F,USA,California,Home,4,Yes,Website,57.8,4,1246764.72,311691.18,983.885,319.96317185861204,4,Value-Oriented Buyers,0,1,0
C0002,Individual,M,USA,California,Home,1,No,Website,63.7,5,1841095.93,368219.1860000001,1187.942,313.1679087042186,5,Premium Home Buyers,1,0,0
C0003,Individual,M,USA,California,Home,4,Yes,Agency,67.1,5,1661457.59,332291.518,1058.11,310.797967102675,5,Premium Home Buyers,1,1,0
C0004,Individual,M,USA,California,Home,5,No,Website,66.7,6,1608263.51,268043.91833333333,937.1033333333334,275.5640860802061,5,Frequent / Portfolio Buyers,2,0,0
C0005,Company,M,USA,California,Investment,5,No,Website,50.5,13,3653385.38,281029.64461538463,927.296153846154,299.39886333356816,5,Frequent / Portfolio Buyers,2,0,1
C0006,Individual,M,USA,California,Home,3,Yes,Website,69.2,5,1514131.06,302826.212,989.59,301.81143627425695,5,Value-Oriented Buyers,0,1,0
C0007,Individual,M,Canada,Quebec,Investment,5,No,Website,79.2,11,3251147.83,295558.8936363636,995.6936363636364,296.0091174822707,6,Frequent / Portfolio Buyers,2,0,1
C0008,Individual,F,USA,California,Home,5,No,Website,56.8,5,1476730.41,295346.08200000005,1031.106,289.273363570013,5,Value-Oriented Buyers,0,0,0
C0009,Individual,M,USA,California,Investment,5,No,Agency,51.3,5,1820832.35,364166.47,1305.644,274.38568336203406,4,Premium Home Buyers,1,0,1
C0010,Individual,M,USA,Oregon,Investment,3,No,Agency,60.2,5,1732434.0,346486.8,1140.206,309.13580924027326,4,Premium Home Buyers,1,0,1
C0011,Individual,F,USA,California,Home,2,Yes,Website,70.2,5,1325211.52,265042.304,935.914,282.7741404393233,5,Value-Oriented Buyers,0,1,0
C0012,Company,M,USA,California,Investment,5,No,Website,51.3,4,1599526.4,399881.6,1317.445,299.78630561500273,4,Premium Home Buyers,1,0,1
C0013,Individual,M,USA,California,Home,1,Yes,Website,63.8,5,2142750.89,428550.178,1407.376,301.97365713513284,4,Premium Home Buyers,1,1,0
C0014,Company,M,USA,California,Home,3,Yes,Website,45.8,4,1548140.0699999998,387035.0175,1280.5425,301.30993275732385,4,Premium Home Buyers,1,1,0
C0015,Individual,F,USA,California,Home,5,No,Client,85.0,5,1585907.37,317181.47400000005,1030.764,303.1325098373545,4,Value-Oriented Buyers,0,0,0
C0016,Individual,F,USA,California,Investment,5,No,Website,87.4,4,1010217.73,252554.4325,842.145,300.3778723095888,4,Value-Oriented Buyers,0,0,1
C0017,Individual,M,USA,Arizona,Home,3,No,Client,49.0,5,1778693.75,355738.75,1195.814,299.2817021286784,4,Premium Home Buyers,1,0,0
C0018,Individual,M,USA,California,Home,2,Yes,Agency,59.1,4,1061478.67,265369.6675,913.8325,291.28189258355934,4,Value-Oriented Buyers,0,1,0
C0019,Individual,M,USA,California,Home,5,Yes,Client,68.9,4,1773474.26,443368.565,1402.0425,312.4888439477021,4,Premium Home Buyers,1,1,0
C0020,Individual,F,USA,California,Home,5,No,Website,58.8,4,1508032.25,377008.0625,1307.08,286.06024372846275,4,Premium Home Buyers,1,0,0
C0021,Individual,M,USA,Oregon,Investment,3,No,Website,87.9,6,1928172.72,321362.12,1028.86,310.2368361355155,5,Frequent / Portfolio Buyers,2,0,1
C0022,Individual,M,Germany,Berlin,Investment,5,No,Agency,59.9,4,1372403.2,343100.8,1247.485,275.0762597580429,4,Premium Home Buyers,1,0,1
C0023,Individual,M,USA,California,Home,3,Yes,Website,68.2,5,1457871.69,291574.338,948.388,304.79852506678174,5,Value-Oriented Buyers,0,1,0
C0024,Individual,M,USA,California,Investment,4,No,Website,63.3,6,1884156.9,314026.15,1053.735,294.8022223615109,5,Frequent / Portfolio Buyers,2,0,1
C0025,Individual,M,USA,Nevada,Home,2,Yes,Website,89.6,5,1694448.83,338889.766,1120.576,301.3231590304242,5,Premium Home Buyers,1,1,0
C0026,Individual,M,USA,California,Investment,5,No,Website,63.9,10,2932241.75,293224.175,1002.383,299.4336686170726,7,Frequent / Portfolio Buyers,2,0,1
C0027,Individual,M,USA,California,Home,5,Yes,Website,58.0,5,1517969.44,303593.888,1070.234,286.1007546565657,4,Value-Oriented Buyers,0,1,0
C0028,Individual,F,USA,California,Home,3,No,Client,68.3,5,1791082.79,358216.558,1266.366,287.18845760262764,5,Premium Home Buyers,1,0,0
C0029,Individual,F,USA,Colorado,Home,4,Yes,Agency,50.5,4,1247795.31,311948.8275,993.05,312.3370151079838,3,Value-Oriented Buyers,0,1,0
C0030,Individual,F,USA,Nevada,Home,3,No,Website,74.1,4,1547311.29,386827.8225,1279.3725,301.15138496976226,4,Premium Home Buyers,1,0,0
C0031,Individual,M,USA,Nevada,Home,4,Yes,Website,48.6,5,1077148.21,215429.642,677.3399999999999,316.7550430148504,5,Value-Oriented Buyers,0,1,0
C0032,Individual,M,USA,California,Home,4,No,Website,59.8,5,1888995.16,377799.032,1282.528,297.27578497808724,5,Premium Home Buyers,1,0,0
C0033,Individual,F,USA,California,Home,3,Yes,Website,58.0,4,1404998.67,351249.6675,1250.4325,282.3664604545738,4,Premium Home Buyers,1,1,0
C0034,Individual,F,Belgium,Brussels,Home,2,No,Agency,56.8,5,1632608.66,326521.732,1160.556,285.1147228727872,4,Premium Home Buyers,1,0,0
C0035,Individual,M,Mexico,Mexico City,Home,3,No,Agency,60.7,5,1987876.4,397575.28,1445.752,278.7295525133892,5,Premium Home Buyers,1,0,0
C0036,Individual,M,USA,California,Home,4,No,Website,53.6,4,1173683.53,293420.8825,963.325,301.30234093415066,4,Value-Oriented Buyers,0,0,0
C0037,Individual,F,USA,California,Home,5,Yes,Website,64.6,5,1607228.75,321445.75,1018.368,313.6317891215475,4,Value-Oriented Buyers,0,1,0
C0038,Individual,F,USA,California,Investment,4,No,Client,51.6,4,1175129.27,293782.3175,1105.1225,272.8702422858949,4,Value-Oriented Buyers,0,0,1
C0039,Individual,F,Russia,Krasnodar Krai,Home,1,No,Agency,59.2,4,1858527.54,464631.885,1365.68,338.65862610327133,4,Premium Home Buyers,1,0,0
C0040,Individual,M,USA,Nevada,Home,5,No,Website,51.4,6,1854608.29,309101.38166666665,1047.8,291.4677238378165,5,Frequent / Portfolio Buyers,2,0,0
C0041,Individual,M,USA,Arizona,Home,1,Yes,Website,59.3,5,1374460.79,274892.158,872.838,318.85709837389675,4,Value-Oriented Buyers,0,1,0
C0042,Individual,F,USA,Utah,Home,1,Yes,Website,50.7,4,1101390.25,275347.5625,913.8425,302.8701353206072,4,Value-Oriented Buyers,0,1,0
C0043,Individual,M,USA,Nevada,Investment,3,Yes,Website,61.4,4,1126492.46,281623.115,983.505,281.3298261097273,4,Value-Oriented Buyers,0,1,1
C0044,Individual,F,USA,Arizona,Home,3,No,Website,95.5,4,1330493.26,332623.315,1106.8675,304.7615369287913,4,Value-Oriented Buyers,0,0,0
C0045,Individual,M,USA,Colorado,Investment,2,No,Agency,57.7,5,1463432.36,292686.47199999995,913.774,314.6119778517108,4,Value-Oriented Buyers,0,0,1
C0046,Individual,F,USA,California,Home,5,No,Client,61.9,8,2026517.4,253314.675,857.8050000000001,297.1196599473188,7,Frequent / Portfolio Buyers,2,0,0
C0047,Individual,M,USA,Colorado,Home,2,No,Agency,56.0,5,1438239.28,287647.856,953.568,298.32744523144754,5,Value-Oriented Buyers,0,0,0
C0048,Individual,M,USA,California,Home,3,Yes,Agency,69.4,4,1338718.0,334679.5,1026.3200000000002,323.2713053028784,4,Value-Oriented Buyers,0,1,0
C0049,Individual,F,USA,California,Home,1,No,Website,55.0,4,1390091.2,347522.8,1204.3675,290.3509384197303,4,Premium Home Buyers,1,0,0
C0050,Individual,M,USA,California,Home,5,No,Website,86.3,9,2744452.35,304939.15,993.5088888888888,304.22017127585246,7,Frequent / Portfolio Buyers,2,0,0
C0051,Individual,F,USA,Colorado,Home,3,No,Agency,85.4,4,1270440.42,317610.105,1039.56,311.66896833269914,4,Value-Oriented Buyers,0,0,0
C0052,Individual,F,USA,Oregon,Investment,2,No,Client,59.4,4,1474211.53,368552.8825,1187.925,313.93085115429466,3,Premium Home Buyers,1,0,1
C0053,Individual,M,USA,Arizona,Home,4,No,Agency,72.1,4,1120539.44,280134.86,929.245,300.1860077066342,4,Value-Oriented Buyers,0,0,0
C0054,Company,M,USA,Nevada,Investment,5,No,Website,59.5,6,2109277.6,351546.26666666666,1115.6333333333334,315.86931081501643,4,Frequent / Portfolio Buyers,2,0,1
C0055,Individual,F,USA,California,Home,5,Yes,Agency,53.1,4,1178979.21,294744.8025,989.83,309.2760373361762,4,Value-Oriented Buyers,0,1,0
C0056,Individual,M,USA,Oregon,Investment,5,No,Agency,62.1,4,1579301.36,394825.34,1355.5975,299.9967738714426,4,Premium Home Buyers,1,0,1
C0057,Individual,M,USA,California,Home,4,Yes,Agency,93.0,5,2020519.52,404103.904,1344.1439999999998,300.50658351907526,4,Premium Home Buyers,1,1,0
C0058,Company,F,USA,California,Investment,1,Yes,Website,57.4,5,1441406.17,288281.234,919.84,310.29079874621,4,Value-Oriented Buyers,0,1,1
C0059,Individual,M,USA,California,Home,2,No,Website,66.2,4,1278854.25,319713.5625,1102.44,283.8232393320658,4,Value-Oriented Buyers,0,0,0
C0060,Individual,F,USA,California,Home,5,No,Website,54.1,4,1355662.25,338915.5625,1119.4675,307.18982419806434,3,Value-Oriented Buyers,0,0,0
C0061,Individual,M,USA,Utah,Home,5,No,Agency,58.7,4,1306907.58,326726.895,1101.62,296.353773633854,4,Value-Oriented Buyers,0,0,0
C0062,Individual,M,USA,California,Home,5,Yes,Client,52.4,5,1489333.49,297866.698,1059.832,276.0988660647487,4,Value-Oriented Buyers,0,1,0
C0063,Individual,F,USA,Arizona,Home,4,No,Website,84.1,5,1625480.88,325096.176,1112.538,291.6406727352229,5,Premium Home Buyers,1,0,0
C0064,Individual,M,UK,Northern Ireland,Investment,4,No,Agency,51.9,4,1448881.28,362220.32,1095.85,322.47075587906164,4,Premium Home Buyers,1,0,1
C0065,Individual,M,USA,California,Home,1,No,Agency,54.4,4,1557125.73,389281.4325,1261.5275,309.23446412471526,4,Premium Home Buyers,1,0,0
C0066,Individual,F,USA,California,Investment,3,No,Client,51.6,4,1107164.17,276791.0425,932.755,301.943428392913,4,Value-Oriented Buyers,0,0,1
C0067,Individual,M,USA,California,Home,2,No,Website,48.8,5,1431941.84,286388.368,851.818,326.17452103134707,4,Value-Oriented Buyers,0,0,0
C0068,Individual,F,USA,Colorado,Home,5,Yes,Agency,60.5,4,1572779.33,393194.8325,1450.2925,276.6905992190839,4,Premium Home Buyers,1,1,0
C0069,Individual,M,USA,California,Investment,4,No,Website,56.6,5,1439142.47,287828.494,957.588,297.7396515670927,5,Value-Oriented Buyers,0,0,1
C0070,Individual,F,USA,Arizona,Home,4,Yes,Website,79.3,5,1521570.62,304314.124,1039.274,290.66906938876934,4,Value-Oriented Buyers,0,1,0
C0071,Individual,M,USA,California,Home,1,Yes,Client,40.6,5,1150384.09,230076.81800000003,833.3799999999999,289.8681345339796,5,Value-Oriented Buyers,0,1,0
C0072,Individual,M,USA,Nevada,Investment,2,No,Website,73.4,6,2246488.58,374414.76333333337,1129.4916666666666,334.505223898359,5,Frequent / Portfolio Buyers,2,0,1
C0073,Individual,F,Denmark,Capital Region,Investment,1,No,Agency,60.8,4,1413902.33,353475.5825,1194.0325,302.3803783087699,4,Premium Home Buyers,1,0,1
C0074,Individual,F,USA,Oregon,Investment,5,No,Client,67.6,5,1709458.65,341891.73,1138.044,299.642237208085,4,Premium Home Buyers,1,0,1
C0075,Individual,F,USA,California,Home,3,No,Website,56.3,4,1269395.74,317348.935,1048.3425,302.3884329270391,4,Value-Oriented Buyers,0,0,0
C0076,Individual,M,USA,California,Home,5,No,Agency,70.4,6,1905852.09,317642.015,1067.28,296.64819897219985,5,Frequent / Portfolio Buyers,2,0,0
C0077,Individual,M,USA,California,Home,5,No,Website,45.9,5,1880012.18,376002.436,1191.826,316.7556317413306,4,Premium Home Buyers,1,0,0
C0078,Individual,F,USA,California,Home,5,No,Website,78.3,4,1685882.39,421470.5975,1415.63,300.1684643304417,4,Premium Home Buyers,1,0,0
C0079,Individual,M,Belgium,Brussels,Investment,4,No,Website,72.5,4,1456436.3,364109.075,1219.0675,294.36648924010007,4,Premium Home Buyers,1,0,1
C0080,Individual,F,USA,California,Investment,3,No,Website,77.6,5,1427531.56,285506.31200000003,965.024,308.57401306942813,4,Value-Oriented Buyers,0,0,1
C0081,Individual,F,USA,California,Home,4,Yes,Website,83.1,4,1522144.26,380536.065,1252.745,297.7366535115751,4,Premium Home Buyers,1,1,0
C0082,Individual,F,USA,Virginia,Investment,5,No,Client,44.6,5,1282267.95,256453.59,884.2239999999999,295.1400683027561,4,Value-Oriented Buyers,0,0,1
C0083,Individual,M,USA,California,Home,5,No,Website,87.8,6,1513641.46,252273.57666666663,851.395,293.88787475036446,5,Frequent / Portfolio Buyers,2,0,0
C0084,Individual,M,USA,Wyoming,Home,3,No,Agency,78.5,5,1762231.92,352446.384,1083.612,320.648282067402,5,Premium Home Buyers,1,0,0
C0085,Individual,M,USA,California,Home,4,Yes,Agency,59.9,4,1185505.46,296376.365,986.395,299.8044469908044,4,Value-Oriented Buyers,0,1,0
C0086,Individual,F,USA,California,Home,3,Yes,Website,57.6,5,1928188.61,385637.722,1354.634,287.17025376935896,5,Premium Home Buyers,1,1,0
C0087,Individual,F,USA,California,Home,4,No,Agency,47.2,4,1681153.28,420288.32,1287.6625,324.3612820820306,4,Premium Home Buyers,1,0,0
C0088,Individual,M,USA,Oregon,Investment,2,No,Website,90.0,6,1450519.57,241753.2616666667,786.9733333333334,313.37109309610923,5,Value-Oriented Buyers,0,0,1
C0089,Individual,M,USA,California,Home,3,No,Agency,76.7,4,1041853.81,260463.4525,854.79,305.25889798935304,4,Value-Oriented Buyers,0,0,0
C0090,Individual,M,USA,California,Home,5,No,Client,44.2,5,980850.42,196170.084,703.798,276.4707623409664,5,Value-Oriented Buyers,0,0,0
C0091,Individual,F,USA,California,Home,4,No,Website,66.7,4,1356644.74,339161.185,1161.6775,302.4076252717272,4,Premium Home Buyers,1,0,0
C0092,Individual,M,USA,Kansas,Home,3,No,Website,55.2,8,2817926.96,352240.87,1218.0425,288.69570491545005,7,Frequent / Portfolio Buyers,2,0,0
C0093,Individual,M,USA,California,Home,2,No,Agency,63.8,5,1732558.38,346511.676,1196.466,291.74734316486075,5,Premium Home Buyers,1,0,0
C0094,Individual,F,USA,California,Home,5,No,Website,78.3,5,1062675.82,212535.164,692.664,310.0683930408275,4,Value-Oriented Buyers,0,0,0
C0095,Individual,M,USA,California,Home,3,Yes,Agency,62.4,6,1668973.02,278162.17,923.105,298.6393948198028,4,Frequent / Portfolio Buyers,2,1,0
C0096,Individual,M,USA,California,Investment,3,Yes,Website,40.6,4,1363013.17,340753.2925,1113.615,310.9008896654844,4,Value-Oriented Buyers,0,1,1
C0097,Individual,M,USA,Virginia,Home,5,Yes,Website,83.2,7,2189906.04,312843.72000000003,1061.722857142857,294.3620163184772,5,Frequent / Portfolio Buyers,2,1,0
C0098,Individual,F,Russia,Saint Petersburg,Home,3,Yes,Agency,77.1,4,1131592.65,282898.1625,981.955,285.7158462047039,4,Value-Oriented Buyers,0,1,0
C0099,Individual,M,USA,California,Investment,4,No,Website,85.6,6,2000308.58,333384.76333333337,1201.5883333333334,290.00847022953025,5,Frequent / Portfolio Buyers,2,0,1
C0100,Individual,M,USA,California,Home,3,No,Website,57.3,4,1449544.65,362386.1625,1174.44,306.726846175456,4,Premium Home Buyers,1,0,0
C0101,Individual,F,USA,Nevada,Home,3,No,Website,75.5,4,1125013.8,281253.45,874.345,312.8174483617631,4,Value-Oriented Buyers,0,0,0
C0102,Individual,M,USA,California,Investment,5,Yes,Website,79.5,9,3403263.85,378140.4277777778,1222.908888888889,307.50877635454384,8,Frequent / Portfolio Buyers,2,1,1
C0103,Individual,M,USA,Colorado,Home,3,No,Website,52.7,5,1483838.77,296767.754,964.98,315.5271021087973,4,Value-Oriented Buyers,0,0,0
C0104,Individual,M,USA,California,Home,5,No,Website,47.9,5,1677155.01,335431.002,1090.3,306.5429479475834,4,Premium Home Buyers,1,0,0
C0105,Individual,F,USA,California,Investment,2,Yes,Website,67.4,5,1328084.36,265616.87200000003,850.948,310.2787991501492,5,Value-Oriented Buyers,0,1,1
C0106,Individual,M,USA,Colorado,Home,4,No,Website,72.9,4,957679.27,239419.8175,820.9825000000001,280.4893799740676,4,Value-Oriented Buyers,0,0,0
C0107,Individual,M,USA,California,Home,4,Yes,Agency,67.2,5,1715058.23,343011.646,1102.66,321.0937472547081,5,Premium Home Buyers,1,1,0
C0108,Individual,M,USA,California,Home,4,No,Agency,67.6,6,1998798.72,333133.12,1104.1699999999998,302.2877171442092,4,Frequent / Portfolio Buyers,2,0,0
C0109,Individual,F,USA,California,Investment,5,Yes,Agency,93.3,5,1995551.09,399110.218,1285.854,307.1535990413305,4,Premium Home Buyers,1,1,1
C0110,Individual,F,USA,California,Investment,5,Yes,Agency,67.3,5,1205555.46,241111.092,811.4019999999999,298.5467864426498,5,Value-Oriented Buyers,0,1,1
C0111,Individual,M,USA,Arizona,Home,2,Yes,Website,47.1,4,1198421.22,299605.305,896.7175,329.6075126945271,4,Value-Oriented Buyers,0,1,0
C0112,Individual,F,USA,California,Investment,1,Yes,Agency,66.6,5,1775142.2,355028.44,1115.986,320.07470915259364,5,Premium Home Buyers,1,1,1
C0113,Individual,M,USA,Utah,Investment,4,No,Agency,77.1,4,1414433.46,353608.365,1186.715,297.9272351204864,4,Premium Home Buyers,1,0,1
C0114,Individual,F,USA,California,Home,1,Yes,Website,64.6,4,1124004.05,281001.0125,932.945,302.70651871845456,3,Value-Oriented Buyers,0,1,0
C0115,Individual,F,USA,California,Home,5,No,Agency,48.4,5,1757354.59,351470.918,1143.692,305.823176955505,5,Premium Home Buyers,1,0,0
C0116,Individual,F,USA,California,Investment,4,No,Website,71.1,8,2484590.08,310573.76,1039.8925,293.7700492203778,7,Frequent / Portfolio Buyers,2,0,1
C0117,Individual,M,UK,Scotland,Investment,4,No,Agency,62.2,8,2884556.25,360569.53125,1135.78625,314.48715228134006,7,Frequent / Portfolio Buyers,2,0,1
C0118,Individual,F,USA,Oregon,Investment,5,No,Agency,77.9,4,1218377.19,304594.2975,1009.1225,311.2890512146992,4,Value-Oriented Buyers,0,0,1
C0119,Individual,F,USA,California,Home,1,Yes,Website,84.1,4,1603043.92,400760.98,1399.315,288.059030603339,4,Premium Home Buyers,1,1,0
C0120,Individual,F,USA,California,Home,4,Yes,Website,73.0,5,1753587.39,350717.478,1243.96,275.99413507449765,5,Premium Home Buyers,1,1,0
C0121,Individual,M,USA,Nevada,Home,2,No,Website,76.1,5,1169150.31,233830.062,806.688,290.52748167423425,4,Value-Oriented Buyers,0,0,0
C0122,Individual,F,USA,California,Home,1,Yes,Agency,53.0,4,1412560.68,353140.17,1085.975,319.92455374538275,4,Premium Home Buyers,1,1,0
C0123,Individual,F,USA,California,Home,4,Yes,Website,64.0,5,1821348.69,364269.738,1230.66,298.5763214886527,5,Premium Home Buyers,1,1,0
C0124,Individual,F,USA,California,Home,4,No,Agency,63.1,5,1613985.08,322797.016,1184.63,280.4248135298491,4,Premium Home Buyers,1,0,0
C0125,Individual,M,USA,Colorado,Home,4,Yes,Agency,49.6,4,1341108.25,335277.0625,1148.5475,287.5490431988801,4,Value-Oriented Buyers,0,1,0
C0126,Individual,F,USA,California,Investment,2,No,Agency,53.8,5,1319929.46,263985.892,850.052,303.61157787909195,4,Value-Oriented Buyers,0,0,1
C0127,Individual,M,USA,Nevada,Home,2,Yes,Website,52.1,4,967474.23,241868.5575,765.085,314.93720173163115,4,Value-Oriented Buyers,0,1,0
C0128,Company,M,USA,Nevada,Investment,5,Yes,Website,63.2,5,1639392.9500000002,327878.59,1054.034,311.98843610305346,5,Premium Home Buyers,1,1,1
C0129,Individual,M,USA,Arizona,Investment,5,No,Website,53.1,4,1748372.75,437093.1875,1296.985,336.27374694863545,4,Premium Home Buyers,1,0,1
C0130,Individual,M,USA,Nevada,Home,3,Yes,Website,67.3,4,1488042.88,372010.72,1215.035,308.423784320332,3,Premium Home Buyers,1,1,0
C0131,Individual,M,USA,California,Home,1,No,Website,55.5,5,1428058.5499999998,285611.71,928.794,299.33404543762134,5,Value-Oriented Buyers,0,0,0
C0132,Individual,M,USA,Nevada,Home,1,Yes,Agency,61.1,4,1203775.04,300943.76,1025.1775,294.0513542596994,4,Value-Oriented Buyers,0,1,0
C0133,Individual,M,USA,California,Investment,4,No,Agency,79.9,4,1449799.93,362449.9825,1177.4025,307.7526795875988,4,Premium Home Buyers,1,0,1
C0134,Individual,F,Russia,Novosibirsk,Investment,3,No,Website,94.2,5,1761669.87,352333.974,1095.602,320.93126785361443,4,Premium Home Buyers,1,0,1
C0135,Individual,M,USA,Utah,Investment,2,No,Agency,87.3,4,1221442.92,305360.73,1043.61,282.27335399506,3,Value-Oriented Buyers,0,0,1
C0136,Individual,M,USA,California,Home,3,No,Website,52.9,5,1892554.72,378510.944,1244.274,305.25171337470726,5,Premium Home Buyers,1,0,0
C0137,Individual,F,USA,California,Home,3,Yes,Website,68.8,4,989750.45,247437.6125,855.0699999999999,288.9749727554761,4,Value-Oriented Buyers,0,1,0
C0138,Individual,F,USA,Oregon,Investment,3,Yes,Website,87.1,5,1367824.55,273564.91000000003,914.412,301.66109635761745,5,Value-Oriented Buyers,0,1,1
C0139,Individual,F,USA,California,Home,5,Yes,Website,56.8,5,1807366.3,361473.26,1136.694,320.61628857850053,5,Premium Home Buyers,1,1,0
C0140,Individual,F,USA,California,Home,3,No,Website,74.1,5,1559561.53,311912.306,1041.7220000000002,297.7645569532283,5,Value-Oriented Buyers,0,0,0
C0141,Individual,F,USA,California,Home,5,No,Website,40.1,5,1765019.09,353003.818,1088.806,319.12733732553926,5,Premium Home Buyers,1,0,0
C0142,Individual,F,USA,Nevada,Home,3,Yes,Website,48.3,5,1673770.19,334754.038,1149.396,292.3324786010019,5,Premium Home Buyers,1,1,0
C0143,Individual,M,USA,California,Home,1,No,Website,68.5,8,2389960.3,298745.0375,1008.6325,289.36566488414894,8,Frequent / Portfolio Buyers,2,0,0
C0144,Individual,M,USA,California,Home,4,No,Agency,71.9,5,1897739.74,379547.948,1206.354,316.7065941966459,5,Premium Home Buyers,1,0,0
C0145,Individual,F,USA,California,Home,4,No,Website,61.7,5,1746571.55,349314.31,1297.3200000000002,274.21065993950833,5,Premium Home Buyers,1,0,0
C0146,Individual,M,USA,Colorado,Home,2,No,Website,63.6,4,1481536.39,370384.0975,1242.6425,294.4618155325702,4,Premium Home Buyers,1,0,0
C0147,Individual,M,USA,Utah,Home,4,No,Client,78.5,5,1398309.27,279661.854,1000.47,287.3885472838249,5,Value-Oriented Buyers,0,0,0
C0148,Individual,M,USA,Colorado,Investment,4,Yes,Agency,57.3,4,1700383.7,425095.925,1413.5925,301.4513793734404,4,Premium Home Buyers,1,1,1
C0149,Individual,M,Russia,Krasnodar Krai,Investment,3,No,Agency,71.5,4,1049009.0,262252.25,906.485,287.7979932947236,4,Value-Oriented Buyers,0,0,1
C0150,Individual,M,USA,California,Home,2,Yes,Website,58.0,4,1846066.58,461516.645,1500.95,306.120453424573,4,Premium Home Buyers,1,1,0
C0151,Individual,F,USA,Oregon,Home,1,No,Agency,50.0,5,1589086.32,317817.264,1123.442,277.73682827188185,5,Value-Oriented Buyers,0,0,0
C0152,Individual,F,USA,California,Investment,2,Yes,Agency,59.6,7,2539205.93,362743.7042857143,1212.7585714285713,294.6573053444967,6,Frequent / Portfolio Buyers,2,1,1
C0153,Individual,F,USA,California,Home,5,No,Website,43.5,5,1560375.26,312075.052,944.032,329.60563756264736,5,Value-Oriented Buyers,0,0,0
C0154,Individual,F,USA,California,Home,4,Yes,Agency,61.5,5,2142457.31,428491.462,1390.49,308.6200494436542,5,Premium Home Buyers,1,1,0
C0155,Company,M,USA,California,Investment,5,No,Agency,51.0,5,1622885.53,324577.106,1097.394,295.02566922391054,5,Premium Home Buyers,1,0,1
C0156,Individual,F,USA,California,Home,5,No,Website,60.2,4,1344903.47,336225.8675,1102.105,305.5069416126888,4,Value-Oriented Buyers,0,0,0
C0157,Individual,M,USA,Colorado,Home,2,Yes,Client,74.2,4,1060400.03,265100.0075,830.7675,310.5708170385752,4,Value-Oriented Buyers,0,1,0
C0158,Individual,F,USA,Virginia,Investment,3,Yes,Agency,47.4,4,1439477.66,359869.415,1131.4975,312.4568891073972,4,Premium Home Buyers,1,1,1
C0159,Individual,M,USA,California,Home,3,No,Website,84.3,4,1596507.45,399126.8625,1336.7325,300.61486358032573,4,Premium Home Buyers,1,0,0
C0160,Individual,F,USA,California,Home,4,No,Website,66.8,5,1679716.96,335943.392,1144.06,297.4014063463627,5,Premium Home Buyers,1,0,0
C0161,Individual,M,USA,California,Home,5,No,Website,74.8,9,2534264.26,281584.91777777777,939.4144444444444,299.190548152945,7,Frequent / Portfolio Buyers,2,0,0
C0162,Individual,M,USA,California,Home,4,No,Website,72.9,4,1135363.52,283840.88,983.24,291.2756960006085,4,Value-Oriented Buyers,0,0,0
C0163,Individual,M,USA,Utah,Investment,5,Yes,Agency,40.4,4,1506594.21,376648.5525,1307.32,288.6436910242928,4,Premium Home Buyers,1,1,1
C0164,Individual,M,USA,Arizona,Home,5,No,Website,39.9,4,1436152.54,359038.135,1196.7975,301.04930542820927,4,Premium Home Buyers,1,0,0
C0165,Individual,F,USA,California,Home,3,Yes,Website,69.8,3,1276849.33,425616.44333333336,1357.1933333333334,317.14526904751153,3,Premium Home Buyers,1,1,0
C0166,Individual,F,USA,Arizona,Home,4,Yes,Agency,42.5,4,1273643.37,318410.8425,1025.3225,309.51267068830805,4,Value-Oriented Buyers,0,1,0
C0167,Individual,F,UK,Scotland,Home,3,Yes,Website,71.5,7,2749577.33,392796.7614285714,1320.3814285714286,300.8857876348719,7,Frequent / Portfolio Buyers,2,1,0
C0168,Individual,F,USA,Nevada,Home,3,No,Agency,66.2,4,1491785.87,372946.4675,1329.6025,285.01565214437966,4,Premium Home Buyers,1,0,0
C0169,Individual,M,USA,Ohio,Investment,5,Yes,Agency,36.0,3,688864.2,229621.4,845.8633333333333,274.9870284848701,3,Value-Oriented Buyers,0,1,1
C0170,Individual,M,USA,California,Home,5,No,Website,77.2,3,1161316.17,387105.39,1339.746666666667,288.5198159742899,3,Premium Home Buyers,1,0,0
C0171,Individual,F,USA,Washington,Investment,5,Yes,Client,35.3,4,1278753.71,319688.4275,1070.72,296.83854424641083,4,Value-Oriented Buyers,0,1,1
C0172,Individual,F,USA,Washington,Home,1,Yes,Agency,33.9,4,1681471.91,420367.9775,1572.79,269.18868156399094,4,Premium Home Buyers,1,1,0
C0173,Individual,F,USA,Arizona,Home,5,Yes,Agency,50.1,8,2619968.43,327496.05375,1074.5925,311.60636323680546,7,Frequent / Portfolio Buyers,2,1,0
C0174,Individual,F,USA,California,Investment,3,No,Client,44.2,3,865359.73,288453.24333333335,869.7866666666667,340.39702639981215,3,Value-Oriented Buyers,0,0,1
C0175,Individual,M,USA,Washington,Home,5,No,Agency,64.3,4,1606138.12,401534.53,1313.38,297.6245595781397,4,Premium Home Buyers,1,0,0
C0176,Individual,F,USA,California,Home,2,No,Website,33.1,6,2681927.91,446987.985,1514.8,294.14300570241534,3,Frequent / Portfolio Buyers,2,0,0
C0177,Individual,F,UK,England,Home,5,Yes,Website,75.3,7,2269897.21,324271.03,1160.9514285714286,277.0150455930116,7,Frequent / Portfolio Buyers,2,1,0
C0178,Individual,F,USA,Virginia,Home,4,No,Agency,73.6,7,2665917.96,380845.42285714287,1284.9985714285715,294.91664917063696,7,Frequent / Portfolio Buyers,2,0,0
C0179,Individual,F,USA,Oregon,Investment,2,No,Website,39.8,8,2131372.11,266421.51375,947.545,284.5579027701791,8,Frequent / Portfolio Buyers,2,0,1
C0180,Individual,M,USA,California,Home,2,Yes,Agency,83.5,7,2660292.37,380041.76714285713,1249.51,306.4298010329248,7,Frequent / Portfolio Buyers,2,1,0
C0181,Individual,M,USA,Texas,Home,2,Yes,Website,56.3,7,2047189.62,292455.66000000003,974.1771428571428,305.2363935410661,7,Frequent / Portfolio Buyers,2,1,0
C0182,Individual,F,Germany,North Rhine-Westphalia,Investment,1,Yes,Website,55.5,8,3082362.35,385295.29375,1246.94625,304.5288688260178,8,Frequent / Portfolio Buyers,2,1,1
C0183,Individual,M,USA,Nevada,Home,3,No,Website,37.9,7,1883106.92,269015.27428571426,907.1042857142857,300.9962623709325,7,Frequent / Portfolio Buyers,2,0,0
C0184,Individual,M,USA,Florida,Home,1,No,Website,32.6,6,2618938.16,436489.69333333336,1481.715,292.8034788790312,5,Frequent / Portfolio Buyers,2,0,0
C0185,Individual,F,USA,Nevada,Home,4,Yes,Agency,81.5,7,2491911.81,355987.40142857144,1137.2942857142857,314.3363283341601,7,Frequent / Portfolio Buyers,2,1,0
C0186,Individual,F,USA,Virginia,Home,1,No,Website,44.5,8,2674286.63,334285.82875,1100.27125,304.9267995337976,5,Frequent / Portfolio Buyers,2,0,0
C0187,Individual,F,USA,Florida,Home,1,No,Website,36.6,6,2066651.14,344441.8566666667,1135.37,298.5170867577424,5,Frequent / Portfolio Buyers,2,0,0
C0188,Individual,M,USA,Oregon,Home,5,Yes,Website,86.0,7,2891447.6,413063.9428571429,1263.962857142857,322.52554913485454,7,Frequent / Portfolio Buyers,2,1,0
C0189,Individual,F,USA,California,Home,2,No,Agency,67.7,7,2209659.42,315665.6314285714,1024.6857142857143,305.8456789427648,7,Frequent / Portfolio Buyers,2,0,0
C0190,Individual,F,USA,California,Home,2,No,Website,54.8,7,2276701.17,325243.02428571426,1049.1542857142856,307.1910062907387,7,Frequent / Portfolio Buyers,2,0,0
C0191,Individual,F,USA,Florida,Home,3,No,Agency,49.2,8,2172926.76,271615.84500000003,913.85125,298.05965918295794,6,Frequent / Portfolio Buyers,2,0,0
C0192,Individual,F,Belgium,Brussels,Investment,2,Yes,Website,42.4,7,2900509.1,414358.4428571428,1304.7214285714288,318.6840040630009,7,Frequent / Portfolio Buyers,2,1,1
C0193,Individual,F,USA,California,Investment,4,Yes,Website,57.9,7,1933778.24,276254.03428571427,962.7214285714286,287.5833866866004,7,Frequent / Portfolio Buyers,2,1,1
C0194,Individual,M,France,Ile-de-France,Home,5,Yes,Website,73.0,7,2759372.27,394196.03857142857,1237.292857142857,315.396137399015,7,Frequent / Portfolio Buyers,2,1,0
C0195,Individual,M,USA,California,Home,2,Yes,Website,79.1,7,2102233.85,300319.12142857147,1029.2714285714285,294.6302850028284,7,Frequent / Portfolio Buyers,2,1,0
C0196,Individual,M,USA,Nevada,Investment,5,No,Agency,69.3,6,2611736.44,435289.4066666667,1411.9466666666667,306.27514561192373,6,Frequent / Portfolio Buyers,2,0,1
C0197,Individual,M,USA,Virginia,Home,4,No,Client,82.6,8,2775768.6,346971.075,1082.87,319.18219269592623,5,Frequent / Portfolio Buyers,2,0,0
C0198,Individual,F,USA,California,Home,4,No,Website,50.5,8,2399689.67,299961.20875,997.5475,300.03251901840844,7,Frequent / Portfolio Buyers,2,0,0
C0199,Individual,M,USA,California,Home,3,No,Agency,68.3,7,2582959.87,368994.26714285713,1162.7385714285715,314.1261254494504,7,Frequent / Portfolio Buyers,2,0,0
C0200,Individual,F,USA,California,Home,1,No,Agency,82.2,4,1071359.39,267839.84750000003,920.7075,296.82396613775273,4,Value-Oriented Buyers,0,0,0
C0201,Individual,F,USA,California,Home,1,No,Agency,58.5,4,1298787.54,324696.885,1147.435,285.0271690424102,4,Value-Oriented Buyers,0,0,0
C0202,Individual,M,Canada,British Columbia,Home,1,No,Website,29.7,3,1019272.59,339757.53,1049.38,321.74759393731864,3,Value-Oriented Buyers,0,0,0
C0203,Individual,F,USA,California,Home,4,No,Client,70.2,4,1242478.83,310619.7075,916.0375,328.923241220169,4,Value-Oriented Buyers,0,0,0
C0204,Individual,F,USA,California,Home,5,No,Agency,78.9,3,934432.98,311477.66,1042.7266666666667,300.69211318016573,3,Value-Oriented Buyers,0,0,0
C0205,Individual,F,Mexico,Puebla,Home,1,Yes,Agency,58.0,3,949224.48,316408.16,1072.7266666666667,306.97993618778213,3,Value-Oriented Buyers,0,1,0
C0206,Individual,F,USA,California,Home,1,Yes,Agency,69.0,3,853060.9299999999,284353.6433333333,851.4266666666667,330.403450210996,3,Value-Oriented Buyers,0,1,0
C0207,Individual,M,USA,Virginia,Investment,4,No,Website,81.7,3,889948.76,296649.58666666667,1104.51,259.33671553699253,3,Value-Oriented Buyers,0,0,1
C0208,Individual,M,France,Provence,Home,4,Yes,Agency,40.4,4,1199654.38,299913.595,997.41,297.06760605039415,4,Value-Oriented Buyers,0,1,0
C0209,Individual,M,USA,Arizona,Investment,3,No,Agency,77.0,4,979868.13,244967.0325,794.1275,311.4542101044349,4,Value-Oriented Buyers,0,0,1
C0210,Individual,F,USA,Colorado,Home,2,No,Website,83.4,4,1346156.55,336539.1375,1135.53,294.0507827805084,4,Value-Oriented Buyers,0,0,0
C0211,Individual,F,USA,California,Home,3,No,Agency,54.5,4,1254240.07,313560.0175,1053.27,297.9909835004412,4,Value-Oriented Buyers,0,0,0
C0212,Individual,M,USA,California,Home,4,No,Agency,70.4,3,1068278.76,356092.92,1224.68,291.93691346700456,3,Value-Oriented Buyers,0,0,0
C0213,Individual,M,USA,Florida,Investment,5,No,Agency,49.8,3,809691.13,269897.04333333333,897.3100000000001,297.36484331878984,3,Value-Oriented Buyers,0,0,1
C0214,Individual,F,Belgium,Brussels,Investment,5,No,Website,80.1,3,1070534.64,356844.88000000006,1179.5233333333333,312.2859298487304,3,Value-Oriented Buyers,0,0,1
C0215,Individual,F,Germany,Hamburg,Investment,4,No,Website,26.8,3,1032856.46,344285.48666666663,1110.27,313.43921582688296,3,Value-Oriented Buyers,0,0,1
C0216,Individual,M,USA,Utah,Home,1,No,Website,27.1,4,1352642.34,338160.585,1063.04,324.8901348706987,4,Value-Oriented Buyers,0,0,0
C0217,Individual,F,USA,Colorado,Home,3,No,Website,41.8,4,1238434.91,309608.7275,1019.1225,299.77353792160875,4,Value-Oriented Buyers,0,0,0
C0218,Individual,F,USA,California,Home,2,No,Website,56.5,3,836639.27,278879.75666666665,913.67,303.4179864612462,3,Value-Oriented Buyers,0,0,0
C0219,Individual,M,USA,California,Home,4,No,Website,38.6,4,1267653.57,316913.3925,1035.1925,299.2085446166128,4,Value-Oriented Buyers,0,0,0
C0220,Individual,M,Canada,Ontario,Investment,1,No,Website,75.2,3,1060812.68,353604.2266666666,1101.55,318.8090950653109,3,Value-Oriented Buyers,0,0,1
C0221,Company,F,USA,California,Home,5,No,Website,39.2,4,1377133.6,344283.4,1186.5225,299.1399307640693,4,Premium Home Buyers,1,0,0
C0222,Individual,M,USA,Utah,Investment,3,No,Agency,70.0,3,1223560.82,407853.6066666667,1517.47,269.09477075945733,3,Premium Home Buyers,1,0,1
C0223,Individual,M,USA,Colorado,Investment,3,Yes,Website,52.7,4,969341.87,242335.4675,837.5225,293.808903778189,4,Value-Oriented Buyers,0,1,1
C0224,Individual,M,USA,Colorado,Home,5,No,Website,66.0,3,1189255.63,396418.5433333333,1330.2166666666667,297.4295746693706,3,Premium Home Buyers,1,0,0
C0225,Individual,F,USA,California,Home,1,Yes,Agency,77.6,4,1120626.94,280156.735,905.7525,305.6699243079895,4,Value-Oriented Buyers,0,1,0
C0226,Individual,F,USA,Colorado,Home,2,No,Website,67.8,3,1571251.03,523750.3433333333,1599.3433333333332,322.4343855737632,3,Premium Home Buyers,1,0,0
C0227,Individual,F,USA,Arizona,Home,5,Yes,Website,81.8,3,942245.37,314081.79,1104.51,287.15065870245195,3,Value-Oriented Buyers,0,1,0
C0228,Individual,F,USA,Oregon,Investment,4,No,Website,74.3,3,606605.72,202201.90666666665,610.62,322.72861773615426,3,Value-Oriented Buyers,0,0,1
C0229,Individual,M,USA,Colorado,Investment,5,No,Website,44.7,3,892220.13,297406.71,900.46,329.20050534502474,3,Value-Oriented Buyers,0,0,1
C0230,Company,M,USA,Nevada,Investment,4,Yes,Website,49.1,4,1457429.02,364357.255,1104.2925,327.12444022996823,4,Premium Home Buyers,1,1,1
C0231,Individual,M,Denmark,Central Denmark,Investment,2,Yes,Website,32.6,3,729893.08,243297.69333333333,849.6366666666667,287.9124812810531,3,Value-Oriented Buyers,0,1,1
C0232,Individual,F,USA,California,Home,3,Yes,Website,64.4,4,1276710.4900000002,319177.62250000006,1036.6525,309.8752865891376,4,Value-Oriented Buyers,0,1,0
C0233,Individual,M,France,Provence,Home,4,Yes,Website,28.8,4,1105806.54,276451.635,914.3125,303.5272816217257,4,Value-Oriented Buyers,0,1,0
C0234,Individual,F,USA,New York,Home,1,Yes,Website,47.5,3,839967.04,279989.01333333337,973.09,286.4716180486619,3,Value-Oriented Buyers,0,1,0
C0235,Individual,M,USA,California,Home,5,No,Website,76.8,4,1268586.58,317146.645,1092.085,290.75770434593915,4,Value-Oriented Buyers,0,0,0
C0236,Individual,M,Canada,Manitoba,Home,3,No,Agency,53.8,3,1321475.69,440491.89666666667,1449.5,298.64467080242906,3,Premium Home Buyers,1,0,0
C0237,Individual,M,USA,California,Home,5,Yes,Website,42.4,3,1392353.31,464117.77,1630.1366666666663,285.8231565138917,3,Premium Home Buyers,1,1,0
C0238,Individual,F,USA,Virginia,Home,4,Yes,Agency,44.0,3,1125732.72,375244.24,1125.17,337.9534939142604,3,Premium Home Buyers,1,1,0
C0239,Individual,F,USA,Oregon,Home,3,Yes,Website,53.5,4,1352763.67,338190.9175,1011.58,327.3972159627904,4,Value-Oriented Buyers,0,1,0
C0240,Individual,F,USA,Colorado,Investment,3,No,Website,84.2,3,935028.28,311676.0933333333,1022.67,307.7614279012237,3,Value-Oriented Buyers,0,0,1
C0241,Individual,F,Mexico,Nuevo Leon,Home,5,Yes,Website,64.6,3,1025934.71,341978.23666666663,1110.27,317.38666230627405,3,Value-Oriented Buyers,0,1,0
C0242,Individual,M,USA,Utah,Home,3,Yes,Agency,28.4,4,1358315.73,339578.9325,1191.1025,293.4441082677422,4,Premium Home Buyers,1,1,0
C0243,Individual,F,USA,Utah,Home,2,No,Website,47.8,4,1382777.89,345694.47250000003,1286.2725,274.1414099948916,4,Premium Home Buyers,1,0,0
C0244,Individual,F,USA,California,Home,1,No,Website,28.4,3,1046652.28,348884.0933333333,1095.0333333333335,311.487503124139,3,Value-Oriented Buyers,0,0,0
C0245,Individual,M,USA,Nevada,Investment,4,No,Agency,52.1,3,1354584.5,451528.1666666667,1439.256666666667,309.6360394503248,3,Premium Home Buyers,1,0,1
C0246,Individual,M,France,Normandy,Home,1,Yes,Agency,34.2,3,1024485.26,341495.08666666667,1117.9399999999998,305.8630203094845,3,Value-Oriented Buyers,0,1,0
C0247,Individual,M,USA,California,Home,1,No,Website,61.6,4,1696540.52,424135.13,1458.93,288.05190518157985,4,Premium Home Buyers,1,0,0
C0248,Individual,M,USA,Florida,Home,4,Yes,Agency,57.9,3,1035934.63,345311.54333333333,1224.68,283.0289017413887,3,Value-Oriented Buyers,0,1,0
C0249,Individual,F,USA,California,Investment,4,No,Agency,58.2,4,1142995.52,285748.88,1027.3249999999998,284.6956561547511,4,Value-Oriented Buyers,0,0,1
C0250,Individual,M,UK,England,Home,2,No,Agency,78.8,3,982306.66,327435.55333333334,1076.69,301.4583980883542,3,Value-Oriented Buyers,0,0,0
C0251,Individual,F,USA,Utah,Home,5,No,Website,49.8,3,463611.95,154537.31666666668,564.01,271.75428137281943,3,Value-Oriented Buyers,0,0,0
C0252,Individual,F,USA,Nevada,Investment,2,No,Website,73.0,3,1082221.48,360740.49333333335,1209.64,301.0719665590684,3,Value-Oriented Buyers,0,0,1
C0253,Individual,F,USA,Virginia,Home,4,No,Website,31.9,4,1239226.11,309806.5275,1052.8325,292.8363606555335,4,Value-Oriented Buyers,0,0,0
C0254,Individual,F,USA,Florida,Home,5,No,Website,70.1,4,1332152.57,333038.1425,1096.3725,306.04013287799427,4,Value-Oriented Buyers,0,0,0
C0255,Individual,F,UK,England,Investment,3,Yes,Client,65.0,4,1689083.06,422270.765,1253.3075,333.9428260086973,4,Premium Home Buyers,1,1,1
C0256,Individual,M,USA,California,Home,1,Yes,Website,35.8,3,1150229.15,383409.7166666666,1281.3166666666666,297.5918243883253,3,Premium Home Buyers,1,1,0
C0257,Individual,M,USA,California,Home,1,No,Website,51.8,3,1145456.23,381818.74333333335,1277.84,296.4675060531569,3,Premium Home Buyers,1,0,0
C0258,Individual,M,UK,Northern Ireland,Home,4,Yes,Agency,35.3,3,1001712.37,333904.1233333333,1173.1833333333334,286.50725864702446,3,Value-Oriented Buyers,0,1,0
C0259,Individual,F,USA,Oregon,Home,4,No,Website,36.5,3,779396.4099999999,259798.8033333333,842.68,314.0826730772205,3,Value-Oriented Buyers,0,0,0
C0260,Individual,F,USA,Nevada,Investment,3,No,Website,80.3,4,1057192.79,264298.1975,820.9225,320.03004657551685,4,Value-Oriented Buyers,0,0,1
C0261,Company,F,USA,Florida,Investment,4,Yes,Website,41.2,4,2094623.1,523655.775,1676.3825,316.7296997323388,4,Premium Home Buyers,1,1,1
C0262,Individual,M,USA,Oregon,Home,2,No,Website,79.2,3,1233260.4,411086.8,1359.24,300.87189053286824,3,Premium Home Buyers,1,0,0
C0263,Individual,M,USA,Nevada,Investment,2,Yes,Website,45.5,3,969140.41,323046.80333333334,1016.7633333333332,314.78205483488614,3,Value-Oriented Buyers,0,1,1
C0264,Individual,F,USA,Colorado,Home,2,Yes,Agency,33.7,4,1127766.02,281941.505,972.245,289.35414120737903,4,Value-Oriented Buyers,0,1,0
C0265,Company,M,Belgium,Flanders,Home,1,No,Website,59.3,4,1708031.99,427007.9975,1293.0725,319.3013273174175,4,Premium Home Buyers,1,0,0
C0266,Individual,M,USA,California,Home,5,Yes,Agency,49.5,3,931646.38,310548.79333333333,1078.7866666666666,290.38148593016064,3,Value-Oriented Buyers,0,1,0
C0267,Individual,F,USA,Utah,Home,4,Yes,Agency,77.7,4,1314495.01,328623.7525,1096.12,303.9894746358153,4,Value-Oriented Buyers,0,1,0
C0268,Individual,F,USA,Georgia,Investment,3,No,Website,67.5,4,1108939.86,277234.965,900.39,306.31816887990306,4,Value-Oriented Buyers,0,0,1
C0269,Individual,M,USA,New York,Home,2,No,Agency,57.4,3,1049110.08,349703.36000000004,1076.69,323.74149676000314,3,Value-Oriented Buyers,0,0,0
C0270,Individual,F,USA,Florida,Home,5,No,Website,82.1,3,924009.9,308003.3,983.4266666666668,313.1614096224352,3,Value-Oriented Buyers,0,0,0
C0271,Individual,F,USA,California,Investment,3,No,Agency,54.3,4,1295689.37,323922.3425,1024.3375,309.22116803694684,4,Value-Oriented Buyers,0,0,1
C0272,Individual,F,UK,Scotland,Home,5,Yes,Website,33.4,4,1439584.37,359896.0925,1248.58,293.45704204943775,4,Premium Home Buyers,1,1,0
C0273,Individual,M,Denmark,Zealand,Investment,2,No,Website,39.5,3,682452.64,227484.21333333332,801.46,283.1584133310674,3,Value-Oriented Buyers,0,0,1
C0274,Individual,M,USA,Florida,Home,2,No,Website,76.6,3,1343449.34,447816.4466666667,1467.89,297.8912333792844,3,Premium Home Buyers,1,0,0
C0275,Individual,M,USA,Oregon,Home,1,Yes,Website,26.1,4,1237500.3,309375.075,1177.3375,273.3703332382304,4,Value-Oriented Buyers,0,1,0
C0276,Individual,F,USA,Washington,Home,5,No,Website,73.5,3,1011195.98,337065.32666666666,1164.9766666666667,293.4555743132912,3,Value-Oriented Buyers,0,0,0
C0277,Individual,M,USA,Colorado,Investment,1,Yes,Agency,71.7,3,1123449.53,374483.1766666667,1286.4266666666667,288.6503775266472,3,Premium Home Buyers,1,1,1
C0278,Individual,F,USA,California,Investment,2,Yes,Website,71.4,3,1442538.67,480846.2233333333,1685.2766666666666,283.2922552063447,3,Premium Home Buyers,1,1,1
C0279,Individual,F,USA,Oregon,Home,1,No,Website,59.2,3,1012986.25,337662.0833333333,1170.3533333333332,294.2512669578751,3,Value-Oriented Buyers,0,0,0
C0280,Individual,M,USA,Florida,Home,4,No,Client,82.3,4,1282020.93,320505.2325,1154.2525,276.88053764306045,4,Value-Oriented Buyers,0,0,0
C0281,Individual,F,USA,California,Home,1,Yes,Agency,49.4,3,1256275.37,418758.4566666667,1388.4566666666667,302.3221090799516,3,Premium Home Buyers,1,1,0
C0282,Individual,F,USA,California,Investment,1,No,Website,28.8,4,973863.8,243465.95,858.9825,284.9097688586684,4,Value-Oriented Buyers,0,0,1
C0283,Individual,F,USA,Arizona,Home,2,Yes,Agency,63.7,4,1118599.47,279649.8675,922.54,305.08878288778067,4,Value-Oriented Buyers,0,1,0
C0284,Individual,M,USA,Arizona,Home,4,No,Client,49.5,4,1251975.85,312993.9625,994.0725,314.92437742589595,4,Value-Oriented Buyers,0,0,0
C0285,Individual,M,France,Ile-de-France,Investment,3,No,Website,26.9,4,1679056.13,419764.0325,1423.1725,293.6771392385392,4,Premium Home Buyers,1,0,1
C0286,Individual,M,UK,Scotland,Home,1,No,Agency,30.4,3,859353.0900000001,286451.03,988.6033333333334,288.8264568471256,3,Value-Oriented Buyers,0,0,0
C0287,Individual,F,Australia,New South Wales,Home,5,No,Website,35.8,3,1171265.03,390421.6766666667,1205.9633333333334,321.88720803401526,3,Premium Home Buyers,1,0,0
C0288,Individual,M,USA,Colorado,Investment,4,No,Agency,29.4,4,1364289.23,341072.3075,1198.3725,287.0360447319884,4,Premium Home Buyers,1,0,1
C0289,Individual,F,USA,California,Investment,5,No,Agency,33.2,4,1533862.35,383465.5875,1200.2725,322.225734907122,4,Premium Home Buyers,1,0,1
C0290,Individual,M,USA,California,Home,2,No,Website,64.6,3,1215398.18,405132.7266666666,1337.1733333333334,294.6227326225505,3,Premium Home Buyers,1,0,0
C0291,Individual,M,USA,Nevada,Home,2,No,Agency,73.2,3,1322506.76,440835.5866666666,1523.6933333333334,283.8696129801324,3,Premium Home Buyers,1,0,0
C0292,Individual,F,USA,California,Home,1,No,Agency,81.5,4,1442818.34,360704.585,1084.0625,332.09382962711913,4,Premium Home Buyers,1,0,0
C0293,Individual,F,USA,California,Investment,4,No,Website,33.6,4,1580876.65,395219.1625,1299.3275,305.79990656437246,4,Premium Home Buyers,1,0,1
C0294,Individual,M,USA,Nevada,Home,3,Yes,Website,63.1,4,1027250.91,256812.7275,825.1324999999999,305.5148768465298,4,Value-Oriented Buyers,0,1,0
C0295,Individual,M,Russia,Tatarstan,Home,3,No,Agency,59.1,3,1350375.73,450125.24333333335,1413.8666666666668,314.7560653893399,3,Premium Home Buyers,1,0,0
C0296,Individual,M,Canada,Manitoba,Home,1,Yes,Client,42.2,3,1142875.46,380958.4866666666,1238.0233333333333,307.38736313580745,3,Premium Home Buyers,1,1,0
C0297,Individual,F,UK,Wales,Investment,5,No,Agency,53.7,4,1709184.75,427296.1875,1422.9925,305.6113981399422,4,Premium Home Buyers,1,0,1
C0298,Individual,F,USA,Oregon,Home,3,No,Website,53.8,4,1262479.23,315619.8075,1069.63,294.6537940165552,4,Value-Oriented Buyers,0,0,0
C0299,Individual,F,UK,Wales,Home,5,No,Agency,49.4,4,1177661.76,294415.44,948.7575,304.64949979748445,4,Value-Oriented Buyers,0,0,0
C0300,Individual,M,Canada,Alberta,Home,5,Yes,Website,66.8,3,844956.55,281652.18333333335,877.9633333333333,322.1718424492012,3,Value-Oriented Buyers,0,1,0
C0301,Individual,F,USA,Virginia,Home,4,No,Agency,67.5,3,1045776.52,348592.17333333334,1286.4266666666667,276.5469053215637,3,Value-Oriented Buyers,0,0,0
C0302,Individual,F,USA,Utah,Investment,1,No,Agency,50.0,4,1654300.33,413575.0825,1239.145,318.4358739570472,4,Premium Home Buyers,1,0,1
C0303,Individual,F,USA,Virginia,Investment,5,Yes,Website,68.8,4,1519113.12,379778.28,1242.0825,313.2694872844787,4,Premium Home Buyers,1,1,1
C0304,Individual,M,USA,California,Investment,1,No,Agency,66.6,4,1685753.28,421438.32,1333.5625,306.62799703926584,4,Premium Home Buyers,1,0,1
C0305,Individual,F,USA,Arizona,Home,1,No,Website,30.7,3,1327736.23,442578.74333333335,1493.243333333333,295.9988305209763,3,Premium Home Buyers,1,0,0
C0306,Individual,M,USA,California,Home,1,No,Client,38.3,4,1399698.79,349924.6975,1075.505,326.9407713397631,4,Premium Home Buyers,1,0,0
C0307,Individual,M,USA,California,Home,5,Yes,Client,33.8,4,1490170.38,372542.595,1167.105,316.87830979740284,4,Premium Home Buyers,1,1,0
C0308,Individual,F,Belgium,Flanders,Investment,4,Yes,Agency,53.8,3,1176582.54,392194.18,1343.8166666666666,288.303659067273,3,Premium Home Buyers,1,1,1
C0309,Individual,F,USA,Washington,Home,4,No,Agency,68.8,3,1382649.58,460883.19333333336,1412.2166666666665,326.74190547944283,3,Premium Home Buyers,1,0,0
C0310,Individual,M,UK,Northern Ireland,Home,3,No,Website,34.5,3,1389329.62,463109.87333333335,1565.3233333333335,296.1843667526323,3,Premium Home Buyers,1,0,0
C0311,Individual,M,USA,Georgia,Home,2,No,Website,73.9,4,1632999.56,408249.89,1312.8225,308.61102952310074,4,Premium Home Buyers,1,0,0
C0312,Individual,M,USA,Nevada,Home,3,Yes,Website,85.6,4,1105668.66,276417.165,962.32,286.1856970509979,4,Value-Oriented Buyers,0,1,0
C0313,Company,M,USA,California,Home,1,No,Agency,51.7,3,1091085.9300000002,363695.31000000006,1190.3133333333333,304.92115668437685,3,Value-Oriented Buyers,0,0,0
C0314,Individual,M,USA,Washington,Investment,4,No,Agency,44.0,3,1040795.02,346931.67333333334,1138.4233333333334,307.5866428042063,3,Value-Oriented Buyers,0,0,1
C0315,Individual,M,Mexico,Baja California,Investment,5,No,Website,39.4,4,1178606.56,294651.64,979.6775,303.08581200721073,4,Value-Oriented Buyers,0,0,1
C0316,Individual,M,UK,Scotland,Investment,4,Yes,Website,29.3,4,1792447.27,448111.8175,1338.9,334.2632578322125,4,Premium Home Buyers,1,1,1
C0317,Individual,F,USA,California,Investment,2,Yes,Website,26.7,3,1248444.31,416148.1033333333,1451.253333333333,285.7972404273491,3,Premium Home Buyers,1,1,1
C0318,Individual,F,Germany,Berlin,Home,5,No,Website,52.4,3,871968.67,290656.2233333333,927.6066666666666,316.1814473112375,3,Value-Oriented Buyers,0,0,0
C0319,Company,F,USA,Texas,Home,5,Yes,Website,30.7,4,2061054.65,515263.6625,1726.0575,296.4407038672879,4,Premium Home Buyers,1,1,0
C0320,Individual,M,USA,Texas,Home,3,Yes,Client,42.6,3,1317732.09,439244.03,1465.92,296.9423125347185,3,Premium Home Buyers,1,1,0
C0321,Individual,M,USA,California,Investment,2,No,Agency,33.7,4,1701753.71,425438.4275,1321.76,320.08555841883503,4,Premium Home Buyers,1,0,1
C0322,Individual,F,USA,California,Home,2,Yes,Website,29.6,3,1347002.93,449000.9766666666,1445.2933333333333,318.0864752801751,3,Premium Home Buyers,1,1,0
C0323,Individual,F,USA,California,Investment,2,Yes,Website,50.9,3,1230825.62,410275.2066666667,1308.513333333333,310.6404621508214,3,Premium Home Buyers,1,1,1
C0324,Individual,M,USA,Washington,Home,4,No,Website,33.2,3,1147121.25,382373.75,1313.16,297.08544836991325,3,Premium Home Buyers,1,0,0
C0325,Individual,F,USA,California,Home,5,Yes,Agency,43.5,4,1205175.56,301293.89,1030.1225,286.38612411264194,4,Value-Oriented Buyers,0,1,0
C0326,Individual,M,USA,Oregon,Investment,4,Yes,Agency,67.9,4,1321975.5,330493.875,1028.1275,325.0785062395622,4,Value-Oriented Buyers,0,1,1
C0327,Individual,F,UK,Scotland,Home,1,No,Agency,64.9,4,1116366.72,279091.68,933.355,296.22191505254114,4,Value-Oriented Buyers,0,0,0
C0328,Individual,M,USA,California,Home,1,Yes,Client,79.8,4,1356560.31,339140.0775,1030.21,327.5047492642996,4,Value-Oriented Buyers,0,1,0
C0329,Individual,F,Germany,Hesse,Home,3,No,Agency,28.3,3,770062.4,256687.46666666667,922.6666666666666,284.9675204985411,3,Value-Oriented Buyers,0,0,0
C0330,Individual,M,USA,California,Home,1,No,Website,51.1,4,1331463.63,332865.9075,1146.9925,295.4457320102523,4,Value-Oriented Buyers,0,0,0
C0331,Individual,F,USA,California,Investment,3,No,Agency,42.2,4,1546334.4,386583.6,1259.95,302.88510282847795,4,Premium Home Buyers,1,0,1
C0332,Individual,M,USA,Texas,Investment,3,No,Website,36.7,3,1209987.46,403329.1533333333,1435.6633333333332,279.22382181893295,3,Premium Home Buyers,1,0,1
C0333,Individual,F,UK,Wales,Home,3,No,Website,70.6,3,1118960.06,372986.6866666667,1203.39,299.3859336879596,3,Premium Home Buyers,1,0,0
C0334,Individual,M,USA,Arizona,Investment,3,No,Agency,76.6,4,1445655.93,361413.9825,1047.99,328.6288068018344,4,Premium Home Buyers,1,0,1
C0335,Individual,M,USA,Arizona,Home,4,No,Website,50.6,4,1478341.12,369585.28,1190.4075,312.04912702719423,4,Premium Home Buyers,1,0,0
C0336,Individual,F,USA,California,Investment,5,No,Agency,54.7,3,1163690.59,387896.8633333333,1226.8766666666668,301.12306123464424,3,Premium Home Buyers,1,0,1
C0337,Individual,M,USA,Arizona,Home,3,Yes,Website,84.5,3,759310.2,253103.4,893.3766666666667,284.4843290368854,3,Value-Oriented Buyers,0,1,0
C0338,Individual,M,USA,California,Home,5,Yes,Website,83.2,4,1488671.13,372167.7825,1227.17,312.0553514031193,4,Premium Home Buyers,1,1,0
C0339,Individual,M,USA,Utah,Investment,5,No,Agency,63.3,4,1548824.23,387206.0575,1170.135,331.2701829233304,4,Premium Home Buyers,1,0,1
C0340,Individual,M,USA,California,Investment,2,No,Agency,85.7,3,1047500.42,349166.80666666664,1263.5766666666666,280.78386472986784,3,Value-Oriented Buyers,0,0,1
C0341,Individual,M,USA,California,Investment,4,No,Agency,43.8,4,1679555.42,419888.855,1293.0725,317.5731591876758,4,Premium Home Buyers,1,0,1
C0342,Individual,M,USA,California,Investment,2,No,Client,52.0,3,1290567.39,430189.13000000006,1286.43,328.5154318223778,3,Premium Home Buyers,1,0,1
C0343,Individual,F,USA,California,Home,2,No,Website,74.2,4,1630923.97,407730.9925,1374.585,297.02815309476205,4,Premium Home Buyers,1,0,0
C0344,Individual,M,Canada,British Columbia,Home,2,Yes,Website,29.2,4,1276344.68,319086.17,1059.9375,302.0567047165623,4,Value-Oriented Buyers,0,1,0
C0345,Individual,F,USA,New York,Home,4,Yes,Website,56.9,3,1339687.25,446562.4166666667,1510.3766666666668,300.46366304724853,3,Premium Home Buyers,1,1,0
C0346,Individual,F,USA,California,Home,5,No,Agency,63.5,3,1174812.86,391604.2866666666,1271.67,310.0140757745108,3,Premium Home Buyers,1,0,0
C0347,Individual,M,USA,Washington,Home,3,Yes,Website,34.2,3,1378006.45,459335.4833333333,1471.62,314.2399384440205,3,Premium Home Buyers,1,1,0
C0348,Individual,M,USA,Colorado,Investment,5,Yes,Agency,44.5,4,1482633.92,370658.48,1246.7075,293.5582443960669,4,Premium Home Buyers,1,1,1
C0349,Individual,M,USA,Arizona,Home,2,Yes,Agency,51.1,3,1065745.84,355248.61333333334,1124.5,319.2896042097387,3,Value-Oriented Buyers,0,1,0
C0350,Individual,M,USA,Arizona,Home,2,No,Agency,33.7,3,1066408.3,355469.43333333335,1206.2733333333333,296.5916270272384,3,Value-Oriented Buyers,0,0,0
C0351,Individual,F,USA,Oregon,Home,5,No,Agency,64.6,4,1551113.76,387778.44,1260.0625,311.1977892874013,4,Premium Home Buyers,1,0,0
C0352,Individual,F,USA,Nevada,Investment,3,No,Agency,49.1,3,1339830.04,446610.01333333337,1447.82,309.9987605861159,3,Premium Home Buyers,1,0,1
C0353,Individual,F,USA,Arizona,Home,2,No,Agency,62.3,3,889855.16,296618.38666666666,980.87,301.9405053330321,3,Value-Oriented Buyers,0,0,0
C0354,Individual,F,USA,California,Home,4,No,Website,27.8,3,962196.6,320732.2,1059.15,307.43997805800313,3,Value-Oriented Buyers,0,0,0
C0355,Individual,M,Mexico,Baja California,Investment,1,No,Website,74.8,3,1029593.97,343197.99,1273.45,269.231546180389,3,Value-Oriented Buyers,0,0,1
C0356,Individual,F,USA,Georgia,Home,3,No,Website,50.2,4,964351.9,241087.975,816.16,292.63598367500725,4,Value-Oriented Buyers,0,0,0
C0357,Individual,F,USA,California,Home,3,No,Website,37.9,3,970629.22,323543.0733333333,1059.3466666666666,311.3215166895127,3,Value-Oriented Buyers,0,0,0
C0358,Individual,F,Australia,New South Wales,Home,3,Yes,Agency,47.9,3,1150919.74,383639.9133333333,1240.6066666666666,311.4839936166393,3,Premium Home Buyers,1,1,0
C0359,Individual,F,USA,California,Investment,1,No,Agency,74.9,3,1098189.89,366063.2966666667,1308.513333333333,277.1234294037575,3,Premium Home Buyers,1,0,1
C0360,Individual,F,USA,Utah,Home,2,Yes,Agency,77.9,4,1978026.48,494506.62,1676.3825,294.6673252367168,4,Premium Home Buyers,1,1,0
C0361,Individual,M,UK,England,Home,1,Yes,Website,68.0,4,1468372.25,367093.0625,1222.5975,303.6700564236641,4,Premium Home Buyers,1,1,0
C0362,Individual,F,USA,Utah,Home,4,No,Website,26.2,3,1129669.4,376556.4666666666,1162.6166666666666,319.6891059879742,3,Premium Home Buyers,1,0,0
C0363,Individual,F,USA,Utah,Investment,2,No,Client,67.5,4,1232301.44,308075.36,929.6975,321.83400059422536,4,Value-Oriented Buyers,0,0,1
C0364,Individual,M,USA,Texas,Home,2,No,Website,82.5,4,1492505.18,373126.295,1261.78,292.4122292635231,4,Premium Home Buyers,1,0,0
C0365,Individual,M,USA,Colorado,Investment,5,No,Agency,63.8,3,951259.9,317086.63333333336,1164.9766666666667,275.7780692701144,3,Value-Oriented Buyers,0,0,1
C0366,Individual,M,USA,California,Home,4,No,Website,43.3,3,1420135.32,473378.44,1452.263333333333,316.81346853217974,3,Premium Home Buyers,1,0,0
C0367,Individual,M,USA,California,Investment,4,No,Agency,61.7,4,1662617.88,415654.47,1269.065,324.83524052336105,4,Premium Home Buyers,1,0,1
C0368,Individual,F,USA,California,Home,4,Yes,Agency,33.8,4,1494552.45,373638.1125,1136.215,327.32400753374435,4,Premium Home Buyers,1,1,0
C0369,Individual,F,USA,Utah,Home,2,Yes,Agency,72.6,4,1586439.08,396609.77,1333.5625,288.11277877378416,4,Premium Home Buyers,1,1,0
C0370,Individual,F,Russia,Krasnodar Krai,Home,1,No,Website,68.9,4,1613633.39,403408.3475,1334.8775,304.0319808491904,4,Premium Home Buyers,1,0,0
C0371,Individual,M,Belgium,Wallonia,Investment,3,No,Agency,56.4,3,827208.61,275736.2033333333,842.68,326.6072425296932,3,Value-Oriented Buyers,0,0,1
C0372,Individual,F,Belgium,Flanders,Investment,1,No,Agency,74.3,3,1280128.06,426709.3533333333,1361.743333333333,309.50534540154507,3,Premium Home Buyers,1,0,1
C0373,Individual,F,USA,Georgia,Home,2,No,Agency,33.5,3,1047277.18,349092.3933333333,1160.513333333333,303.3402959219732,3,Value-Oriented Buyers,0,0,0
C0374,Individual,F,Australia,New South Wales,Investment,4,Yes,Agency,33.1,4,916825.86,229206.465,735.11,316.86755206486544,4,Value-Oriented Buyers,0,1,1
C0375,Individual,M,USA,California,Investment,4,No,Website,58.1,3,1178580.64,392860.2133333334,1224.68,319.286805111416,3,Premium Home Buyers,1,0,1
C0376,Individual,F,USA,California,Home,3,No,Website,73.3,3,1182808.29,394269.43,1361.743333333333,298.9659387154721,3,Premium Home Buyers,1,0,0
C0377,Individual,M,USA,Washington,Home,4,No,Website,28.2,3,822780.32,274260.10666666663,904.0466666666669,304.7935850232173,3,Value-Oriented Buyers,0,0,0
C0378,Individual,F,USA,California,Investment,3,Yes,Website,68.7,3,812387.51,270795.83666666667,983.4266666666668,275.12811466232733,3,Value-Oriented Buyers,0,1,1
C0379,Company,M,USA,California,Investment,2,Yes,Client,49.3,4,1254919.36,313729.84,1115.505,277.0302856181441,4,Value-Oriented Buyers,0,1,1
C0380,Individual,F,USA,California,Home,3,Yes,Website,52.9,3,939708.87,313236.29,1175.45,264.1700106052158,3,Value-Oriented Buyers,0,1,0
C0381,Individual,M,USA,California,Home,5,Yes,Agency,65.0,3,878913.19,292971.0633333333,1188.2333333333331,247.61239219170295,3,Value-Oriented Buyers,0,1,0
C0382,Individual,M,USA,California,Investment,1,Yes,Agency,51.0,3,980139.25,326713.0833333333,980.87,334.35323184783533,3,Value-Oriented Buyers,0,1,1
C0383,Company,F,Mexico,Mexico City,Investment,3,No,Agency,40.9,4,968070.64,242017.66,809.6575,293.1790859595892,4,Value-Oriented Buyers,0,0,1
C0384,Individual,F,USA,California,Home,3,Yes,Website,82.4,3,1010761.74,336920.58,1049.38,326.1556369811854,3,Value-Oriented Buyers,0,1,0
C0385,Individual,M,UK,Northern Ireland,Investment,4,No,Website,56.7,3,1289646.41,429882.1366666667,1277.2733333333333,337.4718781773158,3,Premium Home Buyers,1,0,1
C0386,Individual,F,USA,Colorado,Home,2,No,Client,50.4,3,1633972.21,544657.4033333333,1445.08,373.7448578500973,3,Premium Home Buyers,1,0,0
C0387,Individual,F,USA,California,Home,2,Yes,Website,52.1,4,1992983.55,498245.8875,1555.2975,319.8735674974433,4,Premium Home Buyers,1,1,0
C0388,Individual,M,USA,California,Home,4,No,Agency,30.9,3,961894.92,320631.64,975.9433333333332,330.03455243509705,3,Value-Oriented Buyers,0,0,0
C0389,Individual,M,USA,Colorado,Home,3,No,Website,71.7,4,1261549.09,315387.2725,1119.09,290.2584398047477,4,Value-Oriented Buyers,0,0,0
C0390,Individual,M,Canada,Quebec,Investment,2,No,Website,84.3,4,1678762.0699999998,419690.5175,1295.265,331.6664479491185,4,Premium Home Buyers,1,0,1
C0391,Individual,F,USA,California,Home,5,No,Agency,59.7,3,1035012.91,345004.3033333333,1064.4166666666667,324.92570886620587,3,Value-Oriented Buyers,0,0,0
C0392,Individual,F,USA,Arizona,Home,2,Yes,Website,49.2,4,1015830.03,253957.5075,922.66,272.48890928553595,4,Value-Oriented Buyers,0,1,0
C0393,Individual,F,USA,Arizona,Home,4,No,Agency,38.0,4,1616556.78,404139.195,1298.145,313.7124550314773,4,Premium Home Buyers,1,0,0
C0394,Individual,F,USA,Colorado,Home,3,Yes,Website,71.7,4,1258840.0,314710.0,1041.8025,292.80734079965566,4,Value-Oriented Buyers,0,1,0
C0395,Individual,F,USA,Florida,Home,1,No,Website,67.6,3,1153134.48,384378.16,1303.4733333333334,300.0076340913001,3,Premium Home Buyers,1,0,0
C0396,Individual,M,USA,Nevada,Home,5,No,Agency,26.3,4,1181447.25,295361.8125,896.2524999999999,325.39102840117124,4,Value-Oriented Buyers,0,0,0
C0397,Individual,F,USA,California,Home,5,No,Website,25.9,3,793543.27,264514.42333333334,862.11,306.5224231458849,3,Value-Oriented Buyers,0,0,0
C0398,Individual,F,USA,Texas,Home,1,Yes,Agency,77.6,4,1186693.85,296673.4625,935.765,307.7780713117717,4,Value-Oriented Buyers,0,1,0
C0399,Individual,M,USA,California,Home,4,No,Agency,41.9,4,1229057.49,307264.3725,1093.05,280.14179966702727,4,Value-Oriented Buyers,0,0,0
C0400,Individual,M,USA,California,Home,4,No,Agency,66.7,4,1360152.99,340038.2475,1239.145,281.3228620371108,4,Premium Home Buyers,1,0,0
C0401,Individual,M,USA,Arizona,Home,5,Yes,Website,57.1,4,1020913.07,255228.2675,853.07,302.2393174029927,4,Value-Oriented Buyers,0,1,0
C0402,Individual,F,USA,Georgia,Home,5,No,Website,85.5,3,1054166.95,351388.98333333334,1102.8633333333337,321.6006217207176,3,Value-Oriented Buyers,0,0,0
C0403,Individual,F,Australia,New South Wales,Home,1,No,Website,63.4,3,878792.98,292930.99333333335,1060.9733333333334,283.50875319866367,3,Value-Oriented Buyers,0,0,0
C0404,Individual,F,France,Normandy,Investment,1,No,Client,50.2,3,731788.96,243929.6533333333,753.3133333333334,316.9473423836062,3,Value-Oriented Buyers,0,0,1
C0405,Company,M,USA,Colorado,Home,1,No,Agency,56.6,4,1310963.25,327740.8125,1140.38,287.2931397143084,4,Value-Oriented Buyers,0,0,0
C0406,Individual,F,USA,Colorado,Home,3,No,Website,66.2,4,1317165.12,329291.28,1090.1925,309.6720098443668,4,Value-Oriented Buyers,0,0,0
C0407,Individual,F,USA,California,Home,2,No,Client,44.3,4,1254494.91,313623.7275,1045.8025,300.95370130801626,4,Value-Oriented Buyers,0,0,0
C0408,Individual,M,USA,California,Home,3,No,Website,49.4,3,1320497.01,440165.67,1413.0600000000002,312.61587796358623,3,Premium Home Buyers,1,0,0
C0409,Individual,M,USA,Nevada,Home,1,Yes,Website,53.9,4,1816669.2,454167.3,1449.3775,326.98781819756886,4,Premium Home Buyers,1,1,0
C0410,Individual,F,Russia,Saint Petersburg,Home,5,Yes,Agency,44.1,3,1021706.02,340568.67333333334,1189.1899999999998,294.4273034453859,3,Value-Oriented Buyers,0,1,0
C0411,Individual,F,USA,California,Home,2,No,Website,42.9,3,896987.21,298995.73666666663,883.7466666666668,350.543692607301,3,Value-Oriented Buyers,0,0,0
C0412,Individual,F,UK,Scotland,Home,5,No,Website,42.3,3,1100376.25,366792.0833333333,1260.8366666666668,293.6530871001761,3,Premium Home Buyers,1,0,0
C0413,Individual,M,Canada,British Columbia,Home,3,No,Website,85.8,4,1769126.22,442281.555,1431.4575,309.9375210398746,4,Premium Home Buyers,1,0,0
C0414,Individual,M,USA,California,Home,4,No,Website,64.1,4,1412148.94,353037.235,1144.74,301.1116897735544,4,Premium Home Buyers,1,0,0
C0415,Individual,F,USA,Nevada,Home,5,Yes,Agency,45.9,4,1305928.35,326482.0875,1093.05,296.5966811499519,4,Value-Oriented Buyers,0,1,0
C0416,Company,M,Germany,North Rhine-Westphalia,Investment,5,Yes,Client,45.0,3,1059532.51,353177.50333333336,1260.8366666666668,280.3649553639519,3,Value-Oriented Buyers,0,1,1
C0417,Individual,M,USA,Utah,Home,2,No,Website,79.4,3,1354773.96,451591.32,1471.9,303.54859739281426,3,Premium Home Buyers,1,0,0
C0418,Individual,M,USA,Arizona,Home,5,No,Agency,30.0,4,1629486.83,407371.7075,1276.8225,315.5994805272792,4,Premium Home Buyers,1,0,0
C0419,Individual,M,USA,Washington,Home,3,Yes,Agency,64.4,4,1174012.19,293503.0475,990.4475,295.6119602001012,4,Value-Oriented Buyers,0,1,0
C0420,Individual,F,USA,California,Home,5,No,Agency,32.4,3,1260096.16,420032.0533333334,1330.2166666666667,316.25469908155173,3,Premium Home Buyers,1,0,0
C0421,Individual,M,Germany,Hesse,Investment,5,Yes,Website,51.0,4,1495763.37,373940.8425,1203.905,304.1080371257723,4,Premium Home Buyers,1,1,1
C0422,Company,F,USA,California,Home,1,Yes,Client,52.7,4,1653171.62,413292.905,1428.5749999999998,290.5765092248332,4,Premium Home Buyers,1,1,0
C0423,Individual,F,USA,California,Home,1,No,Client,76.3,3,1068716.19,356238.73,1195.1966666666667,299.3969799867712,3,Value-Oriented Buyers,0,0,0
C0424,Individual,F,USA,Florida,Home,1,No,Website,28.3,3,1034036.3,344678.76666666666,1107.81,304.86287798475354,3,Value-Oriented Buyers,0,0,0
C0425,Individual,M,USA,Nevada,Home,2,No,Agency,60.8,3,1256932.48,418977.49333333335,1452.263333333333,277.1864844883531,3,Premium Home Buyers,1,0,0
C0426,Individual,F,USA,Oregon,Home,4,Yes,Client,73.1,3,890250.61,296750.2033333333,874.19,319.1133959347753,3,Value-Oriented Buyers,0,1,0
C0427,Individual,F,USA,California,Home,4,Yes,Website,32.2,4,1457016.31,364254.0775,1216.595,302.69307402108933,4,Premium Home Buyers,1,1,0
C0428,Individual,F,USA,Oregon,Home,3,No,Agency,64.1,4,984451.32,246112.83,838.2925,304.46346214538653,4,Value-Oriented Buyers,0,0,0
C0429,Individual,F,USA,California,Home,3,Yes,Website,31.3,4,1503904.16,375976.04,1374.585,271.6125972406938,4,Premium Home Buyers,1,1,0
C0430,Individual,M,USA,Nevada,Home,2,No,Agency,52.3,3,931141.96,310380.6533333333,1033.1033333333332,295.7021065249133,3,Value-Oriented Buyers,0,0,0
C0431,Individual,M,USA,California,Home,5,Yes,Website,57.3,4,1544751.33,386187.8325,1246.6175,313.20071224088105,4,Premium Home Buyers,1,1,0
C0432,Company,M,USA,California,Home,5,No,Agency,31.5,4,1277850.15,319462.5375,1025.15,314.6041407462146,4,Value-Oriented Buyers,0,0,0
C0433,Individual,F,USA,California,Investment,2,Yes,Website,57.4,4,1937061.37,484265.3425,1591.4725,304.29883450852856,4,Premium Home Buyers,1,1,1
C0434,Individual,F,Russia,Tatarstan,Home,5,No,Website,61.6,3,1364889.24,454963.08,1445.5566666666666,308.9373434408803,3,Premium Home Buyers,1,0,0
C0435,Individual,F,Australia,New South Wales,Home,5,Yes,Website,60.5,3,908970.34,302990.11333333334,1077.3233333333335,281.7493100861018,3,Value-Oriented Buyers,0,1,0
C0436,Individual,M,USA,Colorado,Home,2,Yes,Client,53.7,4,1327594.64,331898.66,1064.2625,311.8441932238405,4,Value-Oriented Buyers,0,1,0
C0437,Individual,F,USA,Texas,Home,1,No,Website,36.3,3,657032.8200000001,219010.94000000003,801.46,265.68470849402985,3,Value-Oriented Buyers,0,0,0
C0438,Individual,M,USA,Georgia,Investment,1,Yes,Client,43.9,4,1458641.1,364660.275,1261.78,292.4323939195912,4,Premium Home Buyers,1,1,1
C0439,Individual,M,USA,Virginia,Home,2,No,Agency,70.0,3,1273328.62,424442.87333333335,1422.97,309.77485010281384,3,Premium Home Buyers,1,0,0
C0440,Individual,M,USA,California,Investment,1,No,Agency,66.1,3,703498.83,234499.61,845.8633333333333,282.4074620459203,3,Value-Oriented Buyers,0,0,1
C0441,Individual,F,Russia,Krasnodar Krai,Investment,1,No,Agency,46.6,4,1525849.55,381462.3875,1239.265,300.9437926864456,4,Premium Home Buyers,1,0,1
C0442,Individual,F,USA,Colorado,Home,3,Yes,Website,51.3,4,1707466.97,426866.7425,1489.73,285.440299805932,4,Premium Home Buyers,1,1,0
C0443,Individual,M,Denmark,Capital Region,Home,1,Yes,Agency,76.1,3,1355839.1,451946.3666666667,1527.8633333333337,293.95351694731335,3,Premium Home Buyers,1,1,0
C0444,Individual,F,USA,California,Home,2,No,Website,85.4,4,1054514.54,263628.635,943.97,292.38370778728057,4,Value-Oriented Buyers,0,0,0
C0445,Individual,F,USA,California,Home,2,Yes,Website,30.7,4,1425691.63,356422.9075,1101.9875,323.00629612872393,4,Premium Home Buyers,1,1,0
C0446,Individual,M,USA,Colorado,Home,2,No,Website,71.6,3,1024655.04,341551.68,1258.6899999999998,274.3202198630034,3,Value-Oriented Buyers,0,0,0
C0447,Individual,F,USA,New York,Home,2,No,Website,70.1,3,1543592.15,514530.7166666666,1680.5266666666666,307.121240292514,3,Premium Home Buyers,1,0,0
C0448,Individual,M,USA,Nevada,Investment,2,No,Agency,45.8,3,942066.48,314022.16,1050.08,293.4816106541252,3,Value-Oriented Buyers,0,0,1
C0449,Individual,M,USA,Oregon,Investment,2,No,Agency,54.1,3,1418922.44,472974.14666666667,1504.28,313.16286683153135,3,Premium Home Buyers,1,0,1
C0450,Individual,M,Mexico,Nuevo Leon,Home,3,No,Website,34.5,4,1555297.37,388824.3425,1258.5825,316.0358646367394,4,Premium Home Buyers,1,0,0
C0451,Individual,M,Canada,Alberta,Investment,5,Yes,Client,40.9,4,1665967.41,416491.8525,1339.695,308.73425162687926,4,Premium Home Buyers,1,1,1
C0452,Individual,M,USA,Washington,Home,3,No,Website,58.8,4,1398358.69,349589.6725,1086.2275,316.493204669515,4,Premium Home Buyers,1,0,0
C0453,Individual,M,UK,Scotland,Investment,1,No,Website,33.3,4,1321010.76,330252.69,1103.3025,301.104230303951,4,Value-Oriented Buyers,0,0,1
C0454,Company,F,USA,Nevada,Investment,4,No,Agency,65.6,3,980683.73,326894.57666666666,1072.4833333333331,306.9392060404991,3,Value-Oriented Buyers,0,0,1
C0455,Individual,F,USA,California,Home,1,No,Agency,63.6,4,1125726.62,281431.655,838.2925,331.6996103244348,4,Value-Oriented Buyers,0,0,0
C0456,Individual,F,USA,Oregon,Home,3,Yes,Website,30.7,3,1349210.55,449736.85,1448.82,309.63612122143303,3,Premium Home Buyers,1,1,0
C0457,Individual,M,UK,Wales,Investment,1,No,Agency,46.1,3,1399940.21,466646.7366666666,1457.8333333333333,310.4024237825942,3,Premium Home Buyers,1,0,1
C0458,Individual,M,USA,Oregon,Investment,1,No,Agency,31.3,4,1382881.81,345720.4525,1123.3175,319.65410898630785,4,Premium Home Buyers,1,0,1
C0459,Individual,M,USA,California,Home,3,No,Agency,71.4,3,821716.14,273905.38,945.65,292.1623183822492,3,Value-Oriented Buyers,0,0,0
C0460,Individual,F,USA,Virginia,Home,1,No,Website,33.6,3,1061349.03,353783.01,1078.7866666666666,312.40293478692,3,Value-Oriented Buyers,0,0,0
C0461,Individual,M,USA,Arizona,Home,1,No,Agency,66.5,3,986630.39,328876.7966666667,1157.47,301.8269514846226,3,Value-Oriented Buyers,0,0,0
C0462,Individual,M,Australia,Victoria,Home,2,No,Agency,82.8,4,1606667.68,401666.92,1316.0375,303.4503826175592,4,Premium Home Buyers,1,0,0
C0463,Individual,M,USA,California,Home,5,No,Client,56.2,4,1235094.73,308773.6825,989.46,306.629900030289,4,Value-Oriented Buyers,0,0,0
C0464,Individual,M,USA,Florida,Home,5,No,Website,51.7,4,1455550.0,363887.5,1276.8225,284.2502461097144,4,Premium Home Buyers,1,0,0
C0465,Individual,M,USA,California,Home,3,No,Website,77.5,3,707799.9199999999,235933.30666666664,839.1433333333334,282.87186409222505,3,Value-Oriented Buyers,0,0,0
C0466,Individual,F,USA,Virginia,Investment,2,No,Website,38.2,4,1228651.21,307162.8025,1030.21,299.3764364442108,4,Value-Oriented Buyers,0,0,1
C0467,Individual,F,USA,Ohio,Home,1,Yes,Agency,74.3,3,976066.93,325355.64333333337,1155.6966666666667,283.64758590037087,3,Value-Oriented Buyers,0,1,0
C0468,Individual,M,Mexico,Jalisco,Investment,3,Yes,Website,73.7,3,1267396.7999999998,422465.5999999999,1386.32,303.951174411019,3,Premium Home Buyers,1,1,1
C0469,Individual,M,USA,California,Home,2,No,Website,29.4,4,1518476.47,379619.1175,1265.3825,302.7937775205082,4,Premium Home Buyers,1,0,0
C0470,Individual,F,USA,Oregon,Home,1,No,Agency,63.5,3,862552.54,287517.51333333337,883.7466666666666,317.65314341816924,3,Value-Oriented Buyers,0,0,0
C0471,Individual,M,USA,Utah,Investment,3,No,Agency,42.1,3,1084997.39,361665.7966666666,1209.64,305.4209950146938,3,Value-Oriented Buyers,0,0,1
C0472,Individual,M,USA,California,Home,4,No,Website,75.3,3,1277486.37,425828.79,1394.21,306.04375845996213,3,Premium Home Buyers,1,0,0
C0473,Individual,F,USA,California,Home,3,No,Agency,44.9,4,1304527.66,326131.91500000004,1042.725,311.0032863747571,4,Value-Oriented Buyers,0,0,0
C0474,Individual,M,USA,Nevada,Home,1,No,Website,31.0,4,962015.29,240503.8225,824.2025,293.43947677979094,4,Value-Oriented Buyers,0,0,0
C0475,Individual,M,Belgium,Wallonia,Investment,2,Yes,Agency,80.0,3,1234470.16,411490.0533333333,1371.6133333333337,298.7582574583638,3,Premium Home Buyers,1,1,1
C0476,Individual,M,USA,Florida,Home,3,No,Agency,29.3,4,1485303.01,371325.7525,1299.3675,286.9801751470443,4,Premium Home Buyers,1,0,0
C0477,Individual,M,USA,California,Investment,4,Yes,Website,42.6,3,1535114.88,511704.96,1452.263333333333,340.6211221673721,3,Premium Home Buyers,1,1,1
C0478,Individual,F,USA,Ohio,Investment,4,No,Website,86.5,3,774892.79,258297.59666666668,997.4133333333332,269.7359731946328,3,Value-Oriented Buyers,0,0,1
C0479,Individual,F,USA,California,Home,2,Yes,Agency,48.2,4,1172782.93,293195.7325,956.6725,306.60761210683484,4,Value-Oriented Buyers,0,1,0
C0480,Individual,M,USA,California,Home,4,Yes,Website,51.9,4,1033261.03,258315.2575,827.2,310.4080044304496,4,Value-Oriented Buyers,0,1,0
C0481,Individual,M,USA,Arizona,Home,3,No,Agency,49.7,4,1365460.24,341365.06,1040.89,319.7953565311169,4,Value-Oriented Buyers,0,0,0
C0482,Individual,F,USA,New York,Investment,3,Yes,Agency,46.0,3,1006132.77,335377.59,1155.4633333333334,288.3125102820796,3,Value-Oriented Buyers,0,1,1
C0483,Individual,M,USA,Arizona,Investment,1,No,Website,41.0,3,881113.79,293704.5966666667,934.8733333333332,312.8909163237087,3,Value-Oriented Buyers,0,0,1
C0484,Individual,F,USA,Texas,Investment,3,No,Website,37.3,4,1313240.67,328310.1675,1114.105,294.4071600592643,4,Value-Oriented Buyers,0,0,1
C0485,Individual,F,USA,Arizona,Home,2,No,Website,35.1,3,1000841.18,333613.7266666666,1144.8033333333333,282.8760171625835,3,Value-Oriented Buyers,0,0,0
C0486,Individual,M,USA,California,Investment,2,Yes,Website,26.9,3,1090587.66,363529.22,1175.45,306.2980452606605,3,Value-Oriented Buyers,0,1,1
C0487,Individual,F,USA,Washington,Home,5,No,Website,34.8,4,1576272.71,394068.1775,1295.0975,300.72336015493204,4,Premium Home Buyers,1,0,0
C0488,Individual,F,USA,California,Investment,4,No,Agency,46.8,4,1218265.36,304566.34,990.9875,300.25830784913865,4,Value-Oriented Buyers,0,0,1
C0489,Individual,M,Germany,Berlin,Investment,2,No,Website,76.0,3,1025274.77,341758.25666666665,1102.8633333333337,309.1097918928489,3,Value-Oriented Buyers,0,0,1
C0490,Individual,F,USA,Nevada,Investment,5,Yes,Website,72.5,3,1292367.93,430789.31,1240.6066666666666,348.3129554083068,3,Premium Home Buyers,1,1,1
C0491,Individual,M,USA,Washington,Home,2,No,Website,85.3,3,1106379.8,368793.26666666666,1168.3833333333334,316.2532060301885,3,Value-Oriented Buyers,0,0,0
C0492,Individual,M,USA,Utah,Home,3,Yes,Website,26.1,4,1300917.1,325229.275,1008.6625,313.8182642173241,4,Value-Oriented Buyers,0,1,0
C0493,Individual,M,USA,Colorado,Home,3,No,Website,72.2,4,1312198.98,328049.745,1141.225,292.41602997198896,4,Value-Oriented Buyers,0,0,0
C0494,Individual,F,USA,California,Home,3,Yes,Website,36.4,4,1052676.65,263169.1625,911.0425,286.36534222271075,4,Value-Oriented Buyers,0,1,0
C0495,Individual,M,USA,California,Investment,5,No,Client,72.5,4,1246742.44,311685.61,984.9525,316.57335953411865,4,Value-Oriented Buyers,0,0,1
C0496,Individual,M,USA,California,Home,4,No,Agency,36.4,4,1120376.44,280094.11,947.7475,296.43747164743013,4,Value-Oriented Buyers,0,0,0
C0497,Individual,F,USA,Arizona,Investment,4,Yes,Website,41.5,3,1330684.99,443561.6633333333,1438.2933333333333,307.850364923873,3,Premium Home Buyers,1,1,1
C0498,Individual,F,Canada,Alberta,Home,2,Yes,Website,77.7,3,1007455.29,335818.43,1258.4,271.5597603730395,3,Value-Oriented Buyers,0,1,0
C0499,Individual,F,USA,Colorado,Home,3,Yes,Agency,79.9,3,897769.81,299256.60333333333,863.7633333333333,343.7293882516419,3,Value-Oriented Buyers,0,1,0
C0500,Individual,M,USA,California,Home,4,Yes,Website,49.4,3,1294944.52,431648.1733333333,1438.2933333333333,301.6105027947336,3,Premium Home Buyers,1,1,0
C0501,Individual,M,USA,Nevada,Investment,5,Yes,Agency,30.7,4,1741166.27,435291.5675,1454.35,298.61165147213114,4,Premium Home Buyers,1,1,1
C0502,Individual,F,USA,Arizona,Home,4,No,Website,59.7,4,1537989.75,384497.4375,1324.385,290.45670616800567,4,Premium Home Buyers,1,0,0
C0503,Individual,M,USA,Utah,Investment,2,Yes,Client,82.9,4,1432167.34,358041.835,1135.53,309.6175696888815,4,Premium Home Buyers,1,1,1
C0504,Individual,M,USA,Utah,Home,2,No,Website,34.6,4,1367188.58,341797.145,1108.6075,307.66700450808355,4,Value-Oriented Buyers,0,0,0
C0505,Individual,F,USA,Arizona,Home,3,No,Agency,31.1,3,1043535.21,347845.07,1125.17,307.0346243577051,3,Value-Oriented Buyers,0,0,0
C0506,Individual,M,USA,California,Home,5,No,Agency,59.3,3,1122203.03,374067.6766666667,1267.4066666666668,298.86090954521507,3,Premium Home Buyers,1,0,0
C0507,Individual,M,USA,New York,Home,3,No,Website,75.5,3,1062656.61,354218.86999999994,1221.3833333333334,295.1795221609232,3,Value-Oriented Buyers,0,0,0
C0508,Individual,F,USA,Nevada,Home,5,No,Agency,56.2,3,833710.06,277903.35333333333,900.6166666666667,295.227784033305,3,Value-Oriented Buyers,0,0,0
C0509,Individual,M,Belgium,Wallonia,Home,3,No,Website,70.5,4,1687930.25,421982.5625,1333.2775,313.4975992174452,4,Premium Home Buyers,1,0,0
C0510,Individual,F,France,Brittany,Investment,1,Yes,Website,79.0,3,1094232.67,364744.2233333333,1243.8233333333333,293.37469787974555,3,Value-Oriented Buyers,0,1,1
C0511,Individual,F,UK,England,Home,2,No,Website,72.1,3,1090537.6,363512.5333333334,1179.5233333333333,314.26367369464674,3,Value-Oriented Buyers,0,0,0
C0512,Individual,F,USA,Arizona,Home,1,No,Client,81.1,3,1448158.14,482719.38000000006,1654.4733333333334,293.6759220515758,3,Premium Home Buyers,1,0,0
C0513,Individual,M,USA,Florida,Home,2,Yes,Agency,27.1,3,974596.63,324865.54333333333,1049.513333333333,305.4693348530066,3,Value-Oriented Buyers,0,1,0
C0514,Individual,F,USA,Oregon,Home,1,Yes,Website,49.0,4,1528027.54,382006.885,1316.0375,286.46656147751514,4,Premium Home Buyers,1,1,0
C0515,Individual,F,USA,California,Home,1,Yes,Website,62.7,4,1561824.93,390456.2325,1342.7925,291.06402877416,4,Premium Home Buyers,1,1,0
C0516,Individual,M,USA,Utah,Home,3,No,Website,80.3,4,1437837.49,359459.3725,1196.89,307.8719376284213,4,Premium Home Buyers,1,0,0
C0517,Individual,M,USA,California,Home,5,No,Client,67.4,4,1115807.0,278951.75,939.4875,293.8346641485807,4,Value-Oriented Buyers,0,0,0
C0518,Company,F,USA,New York,Home,3,No,Website,64.2,4,1633111.65,408277.9125,1196.9725,331.1825451605455,4,Premium Home Buyers,1,0,0
C0519,Individual,F,USA,Arizona,Investment,3,No,Agency,51.3,3,981719.26,327239.75333333336,1108.996666666667,296.6203837905688,3,Value-Oriented Buyers,0,0,1
C0520,Individual,F,USA,Oregon,Home,3,Yes,Agency,55.8,3,1033523.16,344507.72000000003,1108.996666666667,306.64664633721344,3,Value-Oriented Buyers,0,1,0
C0521,Individual,F,Canada,British Columbia,Home,3,No,Website,59.5,4,1074306.5,268576.625,872.6800000000001,308.80590188229496,4,Value-Oriented Buyers,0,0,0
C0522,Individual,F,USA,Virginia,Home,5,No,Agency,84.1,3,993023.13,331007.71,1240.6066666666666,270.6832271290653,3,Value-Oriented Buyers,0,0,0
C0523,Individual,F,USA,Colorado,Home,2,No,Agency,66.0,3,928962.95,309654.31666666665,1058.6633333333332,292.50010474679505,3,Value-Oriented Buyers,0,0,0
C0524,Individual,M,USA,Washington,Home,3,No,Website,73.2,3,801104.6900000001,267034.89666666667,897.3100000000001,293.96194183625585,3,Value-Oriented Buyers,0,0,0
C0525,Individual,M,USA,Arizona,Home,4,Yes,Agency,75.7,4,1629457.52,407364.38,1299.3275,321.32541542910053,4,Premium Home Buyers,1,1,0
C0526,Individual,M,Germany,Bavaria,Home,5,No,Website,58.5,3,1301139.77,433713.25666666665,1592.1233333333332,270.5338800550604,3,Premium Home Buyers,1,0,0
C0527,Individual,M,USA,California,Home,2,No,Website,47.1,3,1138099.7,379366.56666666665,1299.5366666666666,292.3744277107866,3,Premium Home Buyers,1,0,0
C0528,Individual,M,USA,Washington,Investment,2,No,Client,25.9,3,1118472.87,372824.29,1206.2733333333333,312.0408596032824,3,Premium Home Buyers,1,0,1
C0529,Individual,M,USA,Nevada,Home,4,Yes,Website,52.7,4,1268138.95,317034.7375,1098.1675,290.8803360961828,4,Value-Oriented Buyers,0,1,0
C0530,Individual,F,USA,Utah,Home,2,Yes,Agency,74.1,4,1559124.69,389781.1725,1246.7075,313.049937138993,4,Premium Home Buyers,1,1,0
C0531,Individual,F,USA,California,Home,1,No,Website,49.9,4,1911300.78,477825.195,1510.65,320.4530942019581,4,Premium Home Buyers,1,0,0
C0532,Individual,F,Belgium,Flanders,Home,2,No,Website,46.7,4,1075202.77,268800.6925,990.9875,279.497424019468,4,Value-Oriented Buyers,0,0,0
C0533,Individual,M,USA,Nevada,Investment,1,No,Agency,63.2,4,990028.19,247507.0475,787.46,314.62162940324595,4,Value-Oriented Buyers,0,0,1
C0534,Individual,M,USA,California,Investment,1,No,Agency,68.5,3,1133195.2,377731.7333333333,1371.6133333333337,275.1749213071327,3,Premium Home Buyers,1,0,1
C0535,Individual,F,UK,Wales,Home,3,No,Agency,38.6,3,1299053.94,433017.98,1386.32,313.1513370164768,3,Premium Home Buyers,1,0,0
C0536,Individual,F,USA,Arizona,Investment,5,Yes,Website,70.4,3,983106.84,327702.28,1104.51,304.33941478707567,3,Value-Oriented Buyers,0,1,1
C0537,Individual,M,USA,Florida,Home,2,No,Client,64.3,4,1490327.5,372581.875,1239.145,297.00241974438995,4,Premium Home Buyers,1,0,0
C0538,Individual,M,USA,California,Home,1,Yes,Agency,57.3,4,1206897.7000000002,301724.42500000005,1103.3225,290.2408775414216,4,Value-Oriented Buyers,0,1,0
C0539,Individual,M,USA,California,Investment,1,Yes,Agency,35.5,4,1645321.2,411330.3,1338.9,308.015068779066,4,Premium Home Buyers,1,1,1
C0540,Individual,F,USA,New York,Home,3,No,Agency,29.5,3,494173.31,164724.43666666668,577.2433333333333,285.0803001564541,3,Value-Oriented Buyers,0,0,0
C0541,Individual,M,UK,Northern Ireland,Home,3,No,Agency,26.4,4,1721673.54,430418.385,1296.5625,329.75781791142776,4,Premium Home Buyers,1,0,0
C0542,Company,M,Mexico,Mexico City,Home,3,No,Website,40.9,4,1195819.4,298954.85,1024.3375,298.5169097152346,4,Value-Oriented Buyers,0,0,0
C0543,Individual,F,USA,Texas,Home,2,Yes,Website,79.1,3,753145.67,251048.55666666667,862.8699999999999,288.0878179185861,3,Value-Oriented Buyers,0,1,0
C0544,Individual,M,USA,Utah,Home,2,No,Website,51.8,4,1636756.28,409189.07,1326.2525,310.1883739530156,4,Premium Home Buyers,1,0,0
C0545,Individual,M,USA,Colorado,Home,1,Yes,Agency,84.3,3,1260126.39,420042.13,1452.263333333333,287.6393396341448,3,Premium Home Buyers,1,1,0
C0546,Individual,M,Canada,Manitoba,Home,4,No,Client,58.6,3,795528.06,265176.02,932.37,283.44710389546293,3,Value-Oriented Buyers,0,0,0
C0547,Individual,F,USA,California,Investment,2,No,Agency,78.9,4,1178457.95,294614.4875,1028.3225,286.6352879840458,4,Value-Oriented Buyers,0,0,1
C0548,Individual,M,USA,California,Home,2,No,Agency,45.8,3,1047476.93,349158.9766666666,1186.4366666666667,294.6156094896653,3,Value-Oriented Buyers,0,0,0
C0549,Individual,M,USA,Florida,Home,4,No,Website,53.8,3,941219.76,313739.92,1082.75,297.0408657301116,3,Value-Oriented Buyers,0,0,0
C0550,Company,F,USA,Nevada,Home,1,No,Agency,58.9,4,1414568.09,353642.0225,1123.6174999999998,317.85659155456136,4,Premium Home Buyers,1,0,0
C0551,Individual,M,USA,California,Investment,4,No,Website,66.2,3,1007397.56,335799.1866666667,1110.6233333333332,294.83606034994125,3,Value-Oriented Buyers,0,0,1
C0552,Individual,M,USA,Virginia,Investment,3,No,Agency,60.8,3,1141476.56,380492.1866666667,1196.1733333333334,310.43987686480256,3,Premium Home Buyers,1,0,1
C0553,Individual,M,USA,Arizona,Home,3,No,Website,47.7,3,821534.9400000001,273844.98000000004,897.3100000000001,307.107163969516,3,Value-Oriented Buyers,0,0,0
C0554,Individual,M,Australia,Victoria,Home,1,Yes,Agency,77.6,4,1643592.85,410898.2125,1295.265,320.54266465748947,4,Premium Home Buyers,1,1,0
C0555,Individual,M,USA,California,Investment,4,Yes,Agency,55.3,3,1064533.27,354844.42333333334,1162.6166666666666,299.5251132309169,3,Value-Oriented Buyers,0,1,1
C0556,Individual,M,USA,Colorado,Home,5,No,Website,67.8,3,1335478.18,445159.3933333333,1526.9566666666667,292.3126707049851,3,Premium Home Buyers,1,0,0
C0557,Individual,F,USA,Utah,Investment,2,No,Website,84.9,3,733161.98,244387.32666666663,791.0400000000001,305.02132507076266,3,Value-Oriented Buyers,0,0,1
C0558,Individual,F,Denmark,North Denmark,Home,3,No,Website,51.8,3,1033995.96,344665.32,1092.54,312.3815995188432,3,Value-Oriented Buyers,0,0,0
C0559,Company,M,USA,California,Home,5,No,Client,57.0,4,1004028.87,251007.2175,786.87,319.1707874259946,4,Value-Oriented Buyers,0,0,0
C0560,Individual,F,Australia,South Australia,Home,3,No,Website,38.3,3,1433718.12,477906.04,1500.72,318.8916153774909,3,Premium Home Buyers,1,0,0
C0561,Company,F,USA,Arizona,Investment,3,No,Website,63.7,4,1589252.43,397313.1075,1298.145,305.046128755979,4,Premium Home Buyers,1,0,1
C0562,Individual,F,USA,Utah,Investment,5,Yes,Website,85.7,4,1423675.7200000002,355918.93000000005,1154.105,305.0337149239334,4,Premium Home Buyers,1,1,1
C0563,Individual,M,USA,California,Home,2,Yes,Agency,35.6,4,1012807.93,253201.9825,842.75,300.6421876454113,4,Value-Oriented Buyers,0,1,0
C0564,Individual,M,USA,Texas,Home,1,No,Agency,74.5,3,1135017.6,378339.2,1250.3066666666666,300.2118289907222,3,Premium Home Buyers,1,0,0
C0565,Individual,M,France,Brittany,Home,1,No,Website,40.9,3,1043494.32,347831.44,1167.2766666666666,302.33892785778363,3,Value-Oriented Buyers,0,0,0
C0566,Individual,F,USA,Oregon,Investment,4,Yes,Agency,25.9,4,1167701.9,291925.475,965.295,300.56301659016333,4,Value-Oriented Buyers,0,1,1
C0567,Individual,F,Russia,Saint Petersburg,Investment,2,Yes,Agency,73.1,4,1869286.1,467321.525,1546.3875,301.7793814787401,4,Premium Home Buyers,1,1,1
C0568,Individual,M,USA,California,Home,3,No,Website,73.3,3,944335.88,314778.62666666665,1015.94,312.8200089239528,3,Value-Oriented Buyers,0,0,0
C0569,Individual,F,USA,California,Home,5,Yes,Client,55.3,3,1384749.3,461583.1,1460.493333333333,316.8524348086141,3,Premium Home Buyers,1,1,0
C0570,Individual,F,France,Occitanie,Home,5,Yes,Website,61.4,4,1527210.47,381802.6175,1310.8225,292.0249309161084,4,Premium Home Buyers,1,1,0
C0571,Individual,M,USA,California,Home,3,No,Website,60.4,4,1549969.49,387492.3725,1458.93,274.8050126391672,4,Premium Home Buyers,1,0,0
C0572,Individual,F,USA,California,Investment,5,No,Website,32.7,4,1519677.44,379919.36,1228.8325,320.72684656087205,4,Premium Home Buyers,1,0,1
C0573,Company,M,USA,Georgia,Home,4,Yes,Agency,49.3,3,785842.76,261947.58666666667,849.7466666666668,299.36766765108706,3,Value-Oriented Buyers,0,1,0
C0574,Individual,M,USA,California,Home,2,No,Agency,57.9,4,1261906.32,315476.58,1052.2475,295.34382931043945,4,Value-Oriented Buyers,0,0,0
C0575,Individual,M,USA,California,Investment,2,No,Website,60.6,3,1018391.27,339463.75666666665,1107.81,297.8604596152001,3,Value-Oriented Buyers,0,0,1
C0576,Individual,M,Germany,Hamburg,Home,1,No,Client,67.5,3,1047406.79,349135.5966666667,1082.8966666666668,317.8840006267897,3,Value-Oriented Buyers,0,0,0
C0577,Individual,M,USA,Arizona,Home,3,No,Website,37.2,3,693899.0099999999,231299.66999999995,879.3433333333332,263.11305285965733,3,Value-Oriented Buyers,0,0,0
C0578,Individual,F,USA,Arizona,Home,5,Yes,Client,27.1,3,707276.53,235758.84333333332,899.7566666666667,262.77498376490684,3,Value-Oriented Buyers,0,1,0
C0579,Individual,M,USA,Texas,Investment,3,No,Website,85.3,3,1198428.64,399476.2133333334,1299.5366666666666,300.04968830840284,3,Premium Home Buyers,1,0,1
C0580,Individual,F,USA,California,Home,2,Yes,Client,78.6,4,2158954.7800000003,539738.6950000001,1726.0575,312.6844207862844,4,Premium Home Buyers,1,1,0
C0581,Individual,F,USA,California,Investment,5,Yes,Website,68.6,4,1029755.56,257438.89,801.065,318.8186499683478,4,Value-Oriented Buyers,0,1,1
C0582,Individual,F,USA,Washington,Investment,3,Yes,Website,85.9,3,708559.1499999999,236186.3833333333,791.0400000000001,293.6243581297054,3,Value-Oriented Buyers,0,1,1
C0583,Individual,M,USA,California,Home,2,No,Agency,39.8,4,1237228.18,309307.045,996.7025,310.8438240992058,4,Value-Oriented Buyers,0,0,0
C0584,Individual,F,USA,California,Home,5,No,Website,44.4,3,1135691.62,378563.87333333335,1350.9733333333334,282.8320435714983,3,Premium Home Buyers,1,0,0
C0585,Individual,M,USA,Colorado,Home,3,No,Agency,65.1,4,1003690.18,250922.545,886.4275,282.62534764037093,4,Value-Oriented Buyers,0,0,0
C0586,Individual,M,USA,California,Home,2,Yes,Client,49.2,3,1226524.31,408841.4366666667,1286.4266666666667,315.0602641455691,3,Premium Home Buyers,1,1,0
C0587,Individual,F,USA,New York,Home,4,No,Website,33.7,4,1093439.84,273359.96,911.785,302.6221480306888,4,Value-Oriented Buyers,0,0,0
C0588,Individual,F,USA,Florida,Home,2,No,Website,36.7,4,1495976.14,373994.035,1271.345,298.6021241850181,4,Premium Home Buyers,1,0,0
C0589,Individual,M,USA,Texas,Investment,5,No,Client,79.9,4,1982246.22,495561.555,1699.3675,290.5719251132292,4,Premium Home Buyers,1,0,1
C0590,Individual,M,UK,Scotland,Investment,2,No,Website,59.9,4,1105388.89,276347.22250000003,935.765,298.5010955563988,4,Value-Oriented Buyers,0,0,1
C0591,Individual,F,USA,Nevada,Home,1,No,Website,58.4,3,1336217.65,445405.8833333333,1460.493333333333,305.7142070666491,3,Premium Home Buyers,1,0,0
C0592,Individual,M,USA,Arizona,Investment,2,No,Client,54.2,3,787516.58,262505.5266666667,851.4266666666667,304.6017791521842,3,Value-Oriented Buyers,0,0,1
C0593,Individual,F,USA,California,Home,2,Yes,Agency,74.0,4,2012063.38,503015.845,1575.1075,319.55794554992394,4,Premium Home Buyers,1,1,0
C0594,Individual,F,USA,Utah,Home,1,No,Agency,84.5,3,1137572.87,379190.9566666667,1221.6766666666665,317.4840213600542,3,Premium Home Buyers,1,0,0
C0595,Individual,F,USA,Utah,Home,3,No,Agency,60.2,3,914304.97,304768.3233333333,934.4333333333334,321.59200023053324,3,Value-Oriented Buyers,0,0,0
C0596,Individual,M,USA,Nevada,Home,4,No,Agency,50.3,4,1094771.49,273692.8725,1023.9675,268.71346436583286,4,Value-Oriented Buyers,0,0,0
C0597,Individual,M,UK,Northern Ireland,Home,2,Yes,Website,40.5,3,976844.17,325614.7233333333,1033.62,316.36629492109006,3,Value-Oriented Buyers,0,1,0
C0598,Individual,M,USA,Colorado,Investment,4,No,Website,77.1,4,1398930.7000000002,349732.67500000005,1135.53,307.99946387611016,4,Premium Home Buyers,1,0,1
C0599,Individual,F,Canada,Alberta,Home,2,No,Agency,28.4,3,1162815.78,387605.26,1354.0866666666668,280.8622967539782,3,Premium Home Buyers,1,0,0
C0600,Individual,M,USA,Oregon,Investment,1,No,Client,42.4,3,917709.61,305903.2033333333,1042.71,299.5586767720553,3,Value-Oriented Buyers,0,0,1
C0601,Individual,F,USA,California,Home,4,No,Website,53.8,4,1700411.72,425102.93,1307.3,324.4429542692236,4,Premium Home Buyers,1,0,0
C0602,Individual,M,Germany,Bavaria,Home,4,No,Agency,42.4,4,905508.82,226377.205,748.33,298.6892851449089,4,Value-Oriented Buyers,0,0,0
C0603,Individual,F,USA,New York,Home,4,Yes,Agency,32.1,4,1218095.3,304523.825,1027.81,296.2417955774921,4,Value-Oriented Buyers,0,1,0
C0604,Individual,F,Belgium,Wallonia,Home,1,No,Agency,27.9,3,791133.03,263711.01,919.0466666666666,288.5124058632202,3,Value-Oriented Buyers,0,0,0
C0605,Individual,M,USA,Utah,Home,4,Yes,Agency,52.1,4,1407314.33,351828.5825,1267.07,285.7231522180315,4,Premium Home Buyers,1,1,0
C0606,Individual,F,France,Ile-de-France,Investment,1,No,Website,76.6,3,1070969.53,356989.8433333333,1146.263333333333,313.61713376150334,3,Value-Oriented Buyers,0,0,1
C0607,Individual,M,USA,California,Home,1,No,Agency,63.9,3,1125230.12,375076.7066666666,1371.6133333333337,274.0389663617243,3,Premium Home Buyers,1,0,0
C0608,Individual,M,USA,California,Home,4,No,Agency,70.2,4,1201411.56,300352.89,1018.5225,295.4937894654722,4,Value-Oriented Buyers,0,0,0
C0609,Individual,F,USA,Washington,Home,4,No,Agency,65.2,4,1307567.64,326891.91,1255.1325000000002,264.1895296634044,4,Value-Oriented Buyers,0,0,0
C0610,Individual,F,USA,California,Investment,4,No,Website,55.9,3,1178597.68,392865.8933333333,1339.73,295.9214079433128,3,Premium Home Buyers,1,0,1
C0611,Individual,M,USA,California,Home,4,No,Agency,76.2,4,1142671.94,285667.985,997.415,279.33976691581074,4,Value-Oriented Buyers,0,0,0
C0612,Individual,M,USA,Florida,Home,4,No,Agency,66.5,4,1671846.3,417961.575,1389.15,300.02147789360413,4,Premium Home Buyers,1,0,0
C0613,Individual,F,Australia,Victoria,Home,4,No,Agency,31.5,3,1186019.52,395339.84,1366.5633333333335,295.46634451021083,3,Premium Home Buyers,1,0,0
C0614,Individual,M,UK,Wales,Home,3,Yes,Website,54.1,4,1025958.38,256489.595,858.9825,300.8272508329308,4,Value-Oriented Buyers,0,1,0
C0615,Individual,M,USA,Utah,Home,2,Yes,Website,68.7,4,919002.01,229750.5025,748.33,307.12716692512765,4,Value-Oriented Buyers,0,1,0
C0616,Individual,F,USA,Virginia,Investment,1,Yes,Agency,63.3,3,1013364.3,337788.10000000003,1074.6233333333332,309.8821293324002,3,Value-Oriented Buyers,0,1,1
C0617,Individual,F,USA,Ohio,Home,5,Yes,Website,40.1,3,766861.21,255620.4033333333,849.6366666666667,295.92339334372826,3,Value-Oriented Buyers,0,1,0
C0618,Individual,M,USA,Texas,Home,3,No,Agency,57.8,3,982803.0,327601.0,1113.29,291.3172831425711,3,Value-Oriented Buyers,0,0,0
C0619,Individual,F,USA,Washington,Home,4,No,Website,56.3,3,1411977.41,470659.13666666666,1471.9,318.27085849486457,3,Premium Home Buyers,1,0,0
C0620,Individual,F,France,Brittany,Home,3,No,Website,66.3,3,1532429.29,510809.76333333337,1504.28,338.3096253727112,3,Premium Home Buyers,1,0,0
C0621,Individual,M,Germany,Bavaria,Investment,3,Yes,Agency,44.5,3,791609.11,263869.7033333333,869.7866666666667,305.3268357815998,3,Value-Oriented Buyers,0,1,1
C0622,Individual,F,USA,Washington,Investment,2,No,Client,38.9,3,869334.73,289778.24333333335,980.87,291.58061033183304,3,Value-Oriented Buyers,0,0,1
C0623,Individual,M,USA,Florida,Investment,3,Yes,Client,40.3,4,1410333.45,352583.3625,1146.02,317.2382716730889,4,Premium Home Buyers,1,1,1
C0624,Individual,M,USA,Nevada,Investment,3,No,Agency,26.5,3,1215611.54,405203.8466666667,1413.8666666666668,287.28624779022016,3,Premium Home Buyers,1,0,1
C0625,Individual,F,Belgium,Flanders,Investment,2,Yes,Agency,43.0,4,1000166.88,250041.72,851.0225,292.8195869575726,4,Value-Oriented Buyers,0,1,1
C0626,Individual,F,Germany,Hamburg,Investment,2,No,Website,58.2,3,1061694.13,353898.0433333334,1244.5566666666666,285.1940313192774,3,Value-Oriented Buyers,0,0,1
C0627,Individual,F,USA,Arizona,Home,3,No,Agency,26.1,4,1870806.42,467701.605,1726.0575,270.75016633382285,4,Premium Home Buyers,1,0,0
C0628,Individual,M,Canada,British Columbia,Home,3,Yes,Agency,41.2,4,1623109.63,405777.4075,1250.39,321.3825798074768,4,Premium Home Buyers,1,1,0
C0629,Individual,F,USA,California,Investment,2,No,Agency,79.9,3,961721.77,320573.92333333334,1129.1766666666665,288.9653200365696,3,Value-Oriented Buyers,0,0,1
C0630,Individual,M,USA,California,Home,2,No,Website,61.0,4,1308077.61,327019.4025,1075.505,299.3394123212475,4,Value-Oriented Buyers,0,0,0
C0631,Individual,F,USA,California,Home,5,No,Website,59.7,4,1534891.22,383722.805,1227.645,322.72671846477,4,Premium Home Buyers,1,0,0
C0632,Individual,M,UK,Northern Ireland,Home,4,No,Website,78.2,4,1146845.98,286711.495,947.7475,297.7150223108018,4,Value-Oriented Buyers,0,0,0
C0633,Individual,F,USA,Nevada,Home,3,No,Agency,84.7,4,1207516.26,301879.065,928.745,326.25710067918743,4,Value-Oriented Buyers,0,0,0
C0634,Individual,M,USA,Washington,Investment,4,Yes,Website,45.7,3,1181693.63,393897.87666666665,1393.1066666666666,281.64223622416745,3,Premium Home Buyers,1,1,1
C0635,Individual,F,UK,Scotland,Investment,5,No,Website,66.2,3,1375700.03,458566.6766666667,1460.493333333333,313.2355479652279,3,Premium Home Buyers,1,0,1
C0636,Individual,F,France,Brittany,Home,5,No,Website,45.8,4,981810.08,245452.52,827.3575000000001,299.06553892659133,4,Value-Oriented Buyers,0,0,0
C0637,Individual,F,USA,California,Home,2,No,Website,59.0,4,1602478.07,400619.5175,1296.5625,309.58837207302247,4,Premium Home Buyers,1,0,0
C0638,Individual,M,USA,Ohio,Home,5,Yes,Website,51.4,4,1347045.42,336761.355,1204.4975,287.15174224417376,4,Premium Home Buyers,1,1,0
C0639,Individual,M,UK,Scotland,Home,3,Yes,Website,65.4,3,861670.72,287223.5733333333,1008.13,290.6802798000895,3,Value-Oriented Buyers,0,1,0
C0640,Individual,F,USA,Utah,Home,3,No,Agency,59.6,3,772950.1699999999,257650.05666666664,915.6366666666668,282.3080842959894,3,Value-Oriented Buyers,0,0,0
C0641,Company,M,USA,Arizona,Home,2,No,Agency,32.5,3,1217213.26,405737.75333333336,1240.6066666666666,328.4254236516344,3,Premium Home Buyers,1,0,0
C0642,Individual,F,USA,California,Home,4,No,Website,58.7,3,1027140.61,342380.2033333333,1161.5433333333333,297.80058191299514,3,Value-Oriented Buyers,0,0,0
C0643,Individual,F,USA,California,Home,5,No,Website,52.3,3,928645.01,309548.33666666667,1016.5033333333334,315.9044427822436,3,Value-Oriented Buyers,0,0,0
C0644,Individual,F,USA,California,Home,4,Yes,Agency,70.0,3,1549624.23,516541.41,1630.1366666666663,315.51472286719064,3,Premium Home Buyers,1,1,0
C0645,Individual,M,USA,Nevada,Home,2,No,Client,38.1,3,731453.53,243817.84333333332,862.11,282.906576050256,3,Value-Oriented Buyers,0,0,0
C0646,Individual,F,USA,Arizona,Investment,5,No,Agency,31.1,3,1325311.83,441770.61,1464.0166666666669,302.48359642072694,3,Premium Home Buyers,1,0,1
C0647,Individual,F,USA,California,Home,4,No,Agency,80.2,4,2115520.42,528880.105,1676.3825,314.2885727793599,4,Premium Home Buyers,1,0,0
C0648,Individual,F,USA,California,Home,1,Yes,Website,27.5,4,1142985.38,285746.345,984.6475,288.2363886872438,4,Value-Oriented Buyers,0,1,0
C0649,Individual,F,USA,California,Home,4,No,Agency,31.6,4,1401448.51,350362.1275,1136.6925,318.85950533977984,4,Premium Home Buyers,1,0,0
C0650,Company,M,France,Occitanie,Home,3,Yes,Client,50.5,3,799742.26,266580.75333333336,932.37,288.066031861014,3,Value-Oriented Buyers,0,1,0
C0651,Company,M,USA,Washington,Home,1,No,Agency,33.6,4,1077094.73,269273.6825,948.7575,291.0687670513722,4,Value-Oriented Buyers,0,0,0
C0652,Individual,F,USA,Washington,Home,2,No,Website,33.0,3,904157.22,301385.74,985.5433333333334,311.8558727516952,3,Value-Oriented Buyers,0,0,0
C0653,Individual,M,USA,Ohio,Home,2,No,Client,56.1,4,1215543.15,303885.7875,1053.27,294.7851332735887,4,Value-Oriented Buyers,0,0,0
C0654,Individual,M,USA,New York,Home,2,Yes,Website,66.1,3,865293.89,288431.2966666667,1015.94,291.6213068687354,3,Value-Oriented Buyers,0,1,0
C0655,Individual,F,USA,Nevada,Home,1,Yes,Agency,76.2,3,1071763.22,357254.4066666667,1138.4233333333334,320.80174643789627,3,Value-Oriented Buyers,0,1,0
C0656,Individual,F,USA,Colorado,Home,5,No,Client,49.0,4,1288383.38,322095.845,1190.4075,272.5672092090604,4,Value-Oriented Buyers,0,0,0
C0657,Individual,M,USA,California,Home,2,No,Agency,69.9,3,1258111.3199999998,419370.44,1338.1466666666668,306.7882620263122,3,Premium Home Buyers,1,0,0
C0658,Individual,F,USA,Virginia,Home,3,Yes,Agency,26.7,3,1122021.28,374007.0933333333,1271.67,301.4756979175042,3,Premium Home Buyers,1,1,0
C0659,Individual,F,USA,California,Home,4,Yes,Agency,38.2,4,1000550.86,250137.715,832.615,305.31942802807214,4,Value-Oriented Buyers,0,1,0
C0660,Individual,M,USA,Arizona,Home,4,Yes,Client,34.8,3,1148308.35,382769.45,1337.0533333333333,286.4432933590263,3,Premium Home Buyers,1,1,0
C0661,Individual,F,Canada,Manitoba,Home,3,No,Website,65.1,4,1627713.0499999998,406928.2625,1299.3275,310.47679115794534,4,Premium Home Buyers,1,0,0
C0662,Individual,F,USA,California,Investment,3,No,Website,69.0,4,1520239.97,380059.9925,1175.235,323.65670495877663,4,Premium Home Buyers,1,0,1
C0663,Individual,M,USA,California,Home,2,Yes,Agency,68.5,4,1544313.34,386078.335,1234.8075,307.7467826563532,4,Premium Home Buyers,1,1,0
C0664,Individual,M,Canada,Alberta,Investment,5,Yes,Website,68.0,4,1063024.57,265756.1425,897.47,297.5607529136849,4,Value-Oriented Buyers,0,1,1
C0665,Individual,M,USA,Colorado,Investment,1,No,Agency,67.0,3,704886.02,234962.00666666668,765.68,307.8983581638773,3,Value-Oriented Buyers,0,0,1
C0666,Individual,F,USA,California,Investment,1,No,Website,77.9,4,1532074.27,383018.5675,1271.345,306.4454018186857,4,Premium Home Buyers,1,0,1
C0667,Individual,M,USA,Arizona,Investment,2,No,Agency,60.1,4,1486560.06,371640.015,1295.265,292.5604496662045,4,Premium Home Buyers,1,0,1
C0668,Individual,F,France,Ile-de-France,Investment,4,Yes,Website,47.7,4,987175.01,246793.7525,824.2025,302.2540028172113,4,Value-Oriented Buyers,0,1,1
C0669,Individual,F,Canada,British Columbia,Home,3,No,Agency,68.4,3,1366533.49,455511.1633333333,1599.3433333333332,285.82087164617263,3,Premium Home Buyers,1,0,0
C0670,Company,M,USA,Nevada,Investment,4,No,Website,50.1,3,1631973.5499999998,543991.1833333332,1800.45,302.0008828167261,3,Premium Home Buyers,1,0,1
C0671,Individual,M,USA,Colorado,Home,4,Yes,Client,84.9,3,759678.12,253226.04,849.6366666666667,304.75267792694325,3,Value-Oriented Buyers,0,1,0
C0672,Individual,F,USA,California,Home,2,No,Website,58.9,3,1301968.05,433989.35,1452.263333333333,299.95897142075273,3,Premium Home Buyers,1,0,0
C0673,Individual,F,USA,California,Home,4,No,Website,60.8,3,870503.9000000001,290167.96666666673,1012.96,288.30634444005767,3,Value-Oriented Buyers,0,0,0
C0674,Individual,F,USA,California,Investment,4,No,Website,40.2,4,1733438.52,433359.63,1365.9450000000002,316.8275338092095,4,Premium Home Buyers,1,0,1
C0675,Individual,F,USA,Texas,Home,5,No,Website,56.6,3,1117159.17,372386.39,1113.29,342.7720336053362,3,Premium Home Buyers,1,0,0
C0676,Individual,F,USA,Nevada,Home,2,No,Agency,83.7,3,1022396.03,340798.6766666667,989.0566666666668,330.1513810807912,3,Value-Oriented Buyers,0,0,0
C0677,Individual,M,USA,Arizona,Investment,2,No,Agency,45.5,4,1217015.11,304253.7775,1024.3375,300.00249931528646,4,Value-Oriented Buyers,0,0,1
C0678,Individual,M,USA,California,Home,4,Yes,Website,53.8,3,904050.87,301350.29,897.3100000000001,331.3072323326288,3,Value-Oriented Buyers,0,1,0
C0679,Individual,F,USA,Nevada,Home,1,No,Agency,62.5,4,1945371.68,486342.92,1726.0575,283.6692192666235,4,Premium Home Buyers,1,0,0
C0680,Individual,M,USA,Utah,Investment,2,No,Agency,61.3,4,1533727.71,383431.9275,1333.2775,292.95481586924626,4,Premium Home Buyers,1,0,1
C0681,Company,F,USA,California,Home,3,No,Agency,49.3,4,736696.97,184174.2425,658.8625,274.9177092938877,4,Value-Oriented Buyers,0,0,0
C0682,Individual,M,USA,California,Home,5,No,Website,52.7,4,1436006.22,359001.555,1214.5625,297.37073543990766,4,Premium Home Buyers,1,0,0
C0683,Individual,M,USA,Colorado,Home,2,Yes,Agency,78.0,3,1216565.53,405521.8433333333,1463.22,277.04186140861026,3,Premium Home Buyers,1,1,0
C0684,Individual,M,USA,California,Home,1,No,Agency,41.3,4,1402625.45,350656.3625,1120.62,303.8373174363276,4,Premium Home Buyers,1,0,0
C0685,Individual,F,USA,Washington,Home,5,No,Agency,39.3,3,1129835.06,376611.6866666667,1228.503333333333,289.31464355745044,3,Premium Home Buyers,1,0,0
C0686,Individual,M,USA,California,Home,1,Yes,Website,62.7,3,1250166.33,416722.11,1369.7300000000002,303.1945308245193,3,Premium Home Buyers,1,1,0
C0687,Individual,F,USA,Utah,Home,3,Yes,Website,67.4,4,1532604.0,383151.0,1210.7375000000002,301.80354172653267,4,Premium Home Buyers,1,1,0
C0688,Individual,F,USA,Colorado,Investment,5,Yes,Website,58.3,4,1093762.42,273440.605,868.5725,306.5183230055185,4,Value-Oriented Buyers,0,1,1
C0689,Individual,F,USA,California,Home,4,No,Website,28.3,3,1051259.37,350419.79000000004,1186.05,294.6877753003221,3,Value-Oriented Buyers,0,0,0
C0690,Individual,F,USA,Oregon,Home,4,Yes,Agency,40.9,4,1402023.24,350505.81,1150.3275,300.5961844038745,4,Premium Home Buyers,1,1,0
C0691,Individual,M,USA,California,Investment,4,No,Agency,83.1,4,948552.89,237138.2225,816.16,290.56720726693106,4,Value-Oriented Buyers,0,0,1
C0692,Individual,M,USA,Georgia,Investment,3,No,Agency,62.4,4,1206585.87,301646.4675,1011.5875,299.5495073947391,4,Value-Oriented Buyers,0,0,1
C0693,Individual,M,USA,California,Investment,5,Yes,Agency,69.3,4,1831502.92,457875.73,1498.6825,302.8076865038587,4,Premium Home Buyers,1,1,1
C0694,Company,M,UK,Scotland,Investment,2,No,Website,37.1,4,1287767.07,321941.7675,1063.04,303.055509354016,4,Value-Oriented Buyers,0,0,1
C0695,Individual,M,USA,Washington,Home,4,No,Website,79.4,3,870451.65,290150.55,934.8733333333332,323.0922596930234,3,Value-Oriented Buyers,0,0,0
C0696,Individual,F,USA,Washington,Investment,5,Yes,Agency,32.2,4,1417025.49,354256.3725,1246.6175,277.7675083347151,4,Premium Home Buyers,1,1,1
C0697,Individual,M,USA,California,Investment,4,Yes,Agency,40.6,4,1203571.2,300892.8,1036.6525,290.4335245028834,4,Value-Oriented Buyers,0,1,1
C0698,Individual,F,USA,California,Home,2,Yes,Website,80.1,4,1560635.51,390158.8775,1286.9575,307.9603135534052,4,Premium Home Buyers,1,1,0
C0699,Individual,M,USA,Washington,Home,1,Yes,Agency,39.6,3,1292445.15,430815.05,1357.1933333333334,318.6152453856261,3,Premium Home Buyers,1,1,0
C0700,Individual,F,USA,Washington,Home,5,No,Website,82.3,3,724453.7,241484.56666666665,851.4266666666667,282.93780353298,3,Value-Oriented Buyers,0,0,0
C0701,Individual,F,UK,England,Investment,1,No,Website,63.9,4,1318537.76,329634.44,1050.5725,304.20595887478254,4,Value-Oriented Buyers,0,0,1
C0702,Individual,M,USA,Arizona,Home,5,No,Agency,60.1,3,1215022.0,405007.3333333333,1303.7766666666666,311.0624599044384,3,Premium Home Buyers,1,0,0
C0703,Company,M,USA,Colorado,Home,3,No,Website,42.2,3,938073.57,312691.19,1023.88,308.2167615628062,3,Value-Oriented Buyers,0,0,0
C0704,Individual,F,USA,Georgia,Home,4,No,Agency,84.5,3,1130778.86,376926.2866666667,1194.9266666666665,317.21408986323775,3,Premium Home Buyers,1,0,0
C0705,Individual,M,USA,Nevada,Home,3,No,Website,85.6,3,1643383.67,547794.5566666666,1680.5266666666666,324.0979609858608,3,Premium Home Buyers,1,0,0
C0706,Individual,M,UK,England,Investment,2,No,Client,42.1,3,1034954.84,344984.94666666666,1162.6166666666666,298.731268274053,3,Value-Oriented Buyers,0,0,1
C0707,Individual,M,USA,Virginia,Home,5,Yes,Website,30.9,4,1171255.22,292813.805,956.935,298.39548981596226,4,Value-Oriented Buyers,0,1,0
C0708,Individual,M,USA,California,Home,2,No,Client,61.7,3,1539340.87,513113.6233333333,1523.6933333333334,325.468567530367,3,Premium Home Buyers,1,0,0
C0709,Individual,F,USA,Georgia,Home,2,Yes,Agency,44.2,4,1233960.52,308490.13,1009.23,313.75996043349187,4,Value-Oriented Buyers,0,1,0
C0710,Individual,M,USA,Oregon,Home,2,Yes,Agency,80.0,4,1158001.36,289500.34,939.3575,303.9456641085883,4,Value-Oriented Buyers,0,1,0
C0711,Individual,F,USA,California,Investment,3,No,Agency,30.8,4,1045658.54,261414.635,905.7525,285.7926869742843,4,Value-Oriented Buyers,0,0,1
C0712,Individual,M,USA,California,Home,1,No,Agency,35.6,3,701688.31,233896.10333333336,842.68,280.63309631189395,3,Value-Oriented Buyers,0,0,0
C0713,Individual,F,USA,California,Investment,3,No,Agency,29.5,3,946537.74,315512.58,1125.17,279.1349726853608,3,Value-Oriented Buyers,0,0,1
C0714,Individual,M,Russia,Saint Petersburg,Home,3,No,Website,49.4,3,1520218.18,506739.3933333333,1680.5266666666666,300.4911044140184,3,Premium Home Buyers,1,0,0
C0715,Individual,F,USA,Utah,Home,3,No,Website,44.3,3,1151372.75,383790.9166666667,1340.7666666666669,294.07391084605104,3,Premium Home Buyers,1,0,0
C0716,Individual,M,UK,Northern Ireland,Home,1,No,Client,31.8,3,1173245.74,391081.9133333333,1334.1,297.53773398366985,3,Premium Home Buyers,1,0,0
C0717,Individual,F,USA,Arizona,Investment,3,Yes,Agency,79.9,3,1000529.67,333509.89,1156.5633333333333,286.5515487238422,3,Value-Oriented Buyers,0,1,1
C0718,Individual,F,France,Ile-de-France,Home,2,Yes,Website,82.0,3,900157.9099999999,300052.63666666666,1123.8033333333333,279.3999356441512,3,Value-Oriented Buyers,0,1,0
C0719,Individual,M,USA,California,Investment,2,Yes,Agency,52.5,3,912916.77,304305.59,1023.88,300.5135989331466,3,Value-Oriented Buyers,0,1,1
C0720,Individual,F,USA,California,Investment,1,Yes,Agency,45.2,4,844316.69,211079.1725,678.3725,313.99370359722434,4,Value-Oriented Buyers,0,1,1
C0721,Individual,F,USA,Florida,Home,4,No,Website,27.1,4,1167212.02,291803.005,939.4875,308.3858719928015,4,Value-Oriented Buyers,0,0,0
C0722,Individual,F,USA,Texas,Home,1,No,Website,82.8,3,936104.05,312034.68333333335,1033.4833333333331,299.2843696477643,3,Value-Oriented Buyers,0,0,0
C0723,Individual,F,Germany,North Rhine-Westphalia,Home,3,Yes,Website,27.3,3,1554043.79,518014.5966666667,1671.7666666666669,308.29363445057703,3,Premium Home Buyers,1,1,0
C0724,Individual,M,USA,Arizona,Investment,4,Yes,Agency,65.9,4,1564795.28,391198.82,1255.1325000000002,309.21208173968006,4,Premium Home Buyers,1,1,1
C0725,Individual,F,USA,New York,Home,3,No,Website,43.4,3,1557779.53,519259.8433333333,1733.68,300.00206956397875,3,Premium Home Buyers,1,0,0
C0726,Individual,F,USA,Georgia,Home,4,No,Website,49.5,4,1055406.17,263851.5425,901.245,293.6323652273104,4,Value-Oriented Buyers,0,0,0
C0727,Individual,M,USA,California,Investment,3,Yes,Client,85.0,4,1924218.25,481054.5625,1425.7675,329.50800332765834,4,Premium Home Buyers,1,1,1
C0728,Individual,M,USA,California,Home,3,Yes,Agency,55.1,3,896046.43,298682.14333333337,934.8733333333332,327.9513725380009,3,Value-Oriented Buyers,0,1,0
C0729,Individual,M,USA,Washington,Investment,3,Yes,Agency,82.4,3,1100578.42,366859.4733333333,1280.28,284.7991112426232,3,Premium Home Buyers,1,1,1
C0730,Individual,M,USA,California,Investment,4,No,Website,37.9,3,1395460.54,465153.51333333337,1435.6633333333332,323.57984485050025,3,Premium Home Buyers,1,0,1
C0731,Individual,M,USA,California,Home,5,No,Agency,25.8,4,2163873.35,540968.3375,1699.3675,319.08224457379634,4,Premium Home Buyers,1,0,0
C0732,Individual,M,USA,Oregon,Home,5,No,Website,41.4,4,1763602.47,440900.6175,1454.35,306.8196266785186,4,Premium Home Buyers,1,0,0
C0733,Individual,F,USA,Nevada,Home,5,No,Agency,50.4,3,1610480.1,536826.7000000001,1609.0333333333335,332.77373070273126,3,Premium Home Buyers,1,0,0
C0734,Individual,F,USA,Virginia,Investment,5,Yes,Client,45.1,3,894573.22,298191.0733333333,1077.3333333333333,279.9946002008845,3,Value-Oriented Buyers,0,1,1
C0735,Individual,M,Germany,Hesse,Investment,4,No,Website,31.8,3,1082670.51,360890.17,1129.1766666666665,313.912537008794,3,Value-Oriented Buyers,0,0,1
C0736,Individual,M,USA,Utah,Investment,3,No,Agency,84.2,3,961660.45,320553.48333333334,1049.513333333333,302.7660123278874,3,Value-Oriented Buyers,0,0,1
C0737,Individual,M,USA,California,Investment,3,No,Agency,48.0,3,1271295.42,423765.14,1435.6633333333332,302.2276207568195,3,Premium Home Buyers,1,0,1
C0738,Individual,M,USA,Texas,Home,5,No,Website,45.9,4,1217179.49,304294.8725,955.7625,315.6140508496973,4,Value-Oriented Buyers,0,0,0
C0739,Individual,M,USA,California,Home,2,No,Agency,61.4,4,1239915.48,309978.87,1096.12,281.14767266299765,4,Value-Oriented Buyers,0,0,0
C0740,Individual,F,USA,Utah,Investment,1,No,Client,60.0,3,1150084.72,383361.5733333333,1176.236666666667,321.463526838591,3,Premium Home Buyers,1,0,1
C0741,Individual,F,USA,California,Home,2,No,Website,63.8,3,808100.3,269366.76666666666,952.0733333333334,286.88279274715285,3,Value-Oriented Buyers,0,0,0
C0742,Individual,M,UK,Wales,Home,1,Yes,Website,46.0,3,943082.42,314360.80666666664,1078.7866666666666,291.4501152943838,3,Value-Oriented Buyers,0,1,0
C0743,Individual,M,USA,Oregon,Investment,4,Yes,Website,53.8,3,973707.31,324569.10333333333,1145.4666666666665,292.0776979749862,3,Value-Oriented Buyers,0,1,1
C0744,Individual,F,USA,Virginia,Home,1,No,Website,75.8,3,947393.7,315797.9,939.33,335.23731425730807,3,Value-Oriented Buyers,0,0,0
C0745,Individual,F,USA,California,Investment,5,No,Website,29.1,4,1137226.12,284306.53,940.485,295.1249931050721,4,Value-Oriented Buyers,0,0,1
C0746,Individual,M,UK,Scotland,Home,4,No,Website,69.8,4,1485041.45,371260.3625,1120.62,335.2338187013054,4,Premium Home Buyers,1,0,0
C0747,Individual,M,USA,Florida,Home,4,Yes,Website,34.3,3,1321142.35,440380.7833333334,1435.6633333333332,306.12850428188943,3,Premium Home Buyers,1,1,0
C0748,Company,F,USA,California,Home,1,Yes,Client,52.3,3,1188736.23,396245.41,1332.34,297.65683317437384,3,Premium Home Buyers,1,1,0
C0749,Individual,F,USA,New York,Home,5,No,Agency,33.7,3,1170883.93,390294.6433333333,1258.6899999999998,309.49289457910066,3,Premium Home Buyers,1,0,0
C0750,Individual,F,USA,Nevada,Investment,1,No,Agency,50.0,3,887696.78,295898.9266666667,964.2666666666664,304.42393937761733,3,Value-Oriented Buyers,0,0,1
C0751,Individual,M,USA,California,Home,5,No,Client,51.9,4,1055948.97,263987.2425,967.0,276.6983376080676,4,Value-Oriented Buyers,0,0,0
C0752,Individual,F,Belgium,Brussels,Investment,3,No,Agency,71.7,4,836214.24,209053.56,725.4225,287.40661619517806,4,Value-Oriented Buyers,0,0,1
C0753,Individual,M,Germany,Hamburg,Home,5,No,Website,65.6,4,1053102.32,263275.58,868.5725,304.4982458800239,4,Value-Oriented Buyers,0,0,0
C0754,Individual,F,USA,Arizona,Investment,3,No,Website,56.0,4,1300009.56,325002.39,1037.4175,316.5416206780071,4,Value-Oriented Buyers,0,0,1
C0755,Company,F,USA,California,Home,5,No,Website,58.6,3,1040997.25,346999.0833333333,1286.4833333333331,271.78757236163364,3,Value-Oriented Buyers,0,0,0
C0756,Individual,F,USA,Utah,Home,5,Yes,Website,63.4,3,785768.09,261922.69666666663,934.8733333333332,282.2056558532571,3,Value-Oriented Buyers,0,1,0
C0757,Individual,M,USA,Oregon,Home,3,Yes,Website,79.9,4,1392690.12,348172.53,1053.27,332.7923361105536,4,Premium Home Buyers,1,1,0
C0758,Individual,M,USA,California,Investment,2,No,Website,67.7,4,1135189.16,283797.29,928.1775,303.5984407446299,4,Value-Oriented Buyers,0,0,1
C0759,Individual,M,USA,Florida,Home,4,No,Website,34.8,3,1327801.32,442600.44,1451.5366666666666,297.1099898291573,3,Premium Home Buyers,1,0,0
C0760,Individual,F,USA,California,Investment,3,No,Website,61.6,4,1288008.21,322002.0525,1133.69,291.964625621392,4,Value-Oriented Buyers,0,0,1
C0761,Individual,F,Belgium,Flanders,Home,2,No,Agency,45.0,4,1387948.07,346987.0175,1134.4225,302.8354471660675,4,Premium Home Buyers,1,0,0
C0762,Individual,F,USA,Ohio,Home,4,No,Website,59.6,4,1456185.33,364046.3325,1313.38,282.2750534057651,4,Premium Home Buyers,1,0,0
C0763,Company,F,USA,Georgia,Home,3,No,Agency,55.1,3,1036781.97,345593.99,1152.5966666666666,298.85589436508616,3,Value-Oriented Buyers,0,0,0
C0764,Individual,F,UK,Northern Ireland,Investment,4,No,Client,42.9,4,1670624.74,417656.185,1441.655,294.22177981658905,4,Premium Home Buyers,1,0,1
C0765,Individual,M,France,Brittany,Home,3,No,Website,59.1,4,1516418.29,379104.5725,1260.0625,294.4679305392661,4,Premium Home Buyers,1,0,0
C0766,Individual,M,Germany,North Rhine-Westphalia,Home,3,Yes,Client,32.3,4,1601876.14,400469.035,1286.2725,310.06511645723833,4,Premium Home Buyers,1,1,0
C0767,Individual,M,Canada,British Columbia,Investment,2,No,Agency,65.5,4,1403932.48,350983.12,1242.0825,278.4370905908476,4,Premium Home Buyers,1,0,1
C0768,Individual,M,Denmark,Southern Denmark,Investment,5,Yes,Website,34.1,3,1048127.47,349375.8233333333,1163.8866666666663,291.56041147346576,3,Value-Oriented Buyers,0,1,1
C0769,Individual,F,USA,Ohio,Home,4,No,Agency,68.5,3,675607.7899999999,225202.59666666665,753.3133333333334,299.57432421913035,3,Value-Oriented Buyers,0,0,0
C0770,Individual,F,Russia,Krasnodar Krai,Home,4,No,Website,74.9,3,984598.73,328199.57666666666,1104.51,291.901889659072,3,Value-Oriented Buyers,0,0,0
C0771,Company,M,USA,California,Home,1,No,Website,41.9,4,1856997.08,464249.27,1408.3275,323.3900312040827,4,Premium Home Buyers,1,0,0
C0772,Individual,M,USA,California,Investment,1,No,Client,34.9,3,911164.52,303721.50666666665,1038.2,295.45455963913673,3,Value-Oriented Buyers,0,0,1
C0773,Individual,M,Russia,Saint Petersburg,Home,1,No,Website,61.9,4,1451465.46,362866.365,1153.0825,312.52027994764853,4,Premium Home Buyers,1,0,0
C0774,Individual,M,USA,Georgia,Home,5,Yes,Agency,43.4,3,999792.68,333264.2266666666,1144.8033333333333,291.40765373674816,3,Value-Oriented Buyers,0,1,0
C0775,Individual,F,USA,Arizona,Home,1,No,Agency,50.6,4,1043608.37,260902.0925,900.39,289.7113272946693,4,Value-Oriented Buyers,0,0,0
C0776,Individual,F,Germany,Bavaria,Home,4,Yes,Agency,59.8,3,914465.33,304821.7766666667,980.87,309.4641934486999,3,Value-Oriented Buyers,0,1,0
C0777,Company,M,USA,Arizona,Home,1,No,Client,44.2,3,1130759.41,376919.8033333334,1313.16,295.5140003391789,3,Premium Home Buyers,1,0,0
C0778,Individual,M,USA,California,Investment,4,Yes,Agency,28.1,4,1646921.92,411730.48,1334.8775,306.9819897423825,4,Premium Home Buyers,1,1,1
C0779,Individual,F,USA,California,Home,5,Yes,Agency,73.3,3,1221957.12,407319.04,1325.0800000000002,306.5356571105046,3,Premium Home Buyers,1,1,0
C0780,Individual,F,USA,California,Home,3,No,Website,79.6,3,708761.6900000001,236253.8966666667,849.6366666666667,284.784821535402,3,Value-Oriented Buyers,0,0,0
C0781,Individual,M,USA,California,Investment,5,Yes,Website,85.7,4,1181206.69,295301.6725,1030.635,283.79927219273293,4,Value-Oriented Buyers,0,1,1
C0782,Individual,M,USA,Utah,Investment,2,Yes,Website,56.5,4,1166638.16,291659.54000000004,905.0375,322.14323161957884,4,Value-Oriented Buyers,0,1,1
C0783,Individual,F,Canada,Alberta,Home,1,Yes,Agency,65.4,3,1031472.36,343824.12,1156.5633333333333,294.2967160908652,3,Value-Oriented Buyers,0,1,0
C0784,Individual,M,Mexico,Baja California,Investment,4,No,Website,53.1,3,1172514.65,390838.2166666666,1356.746666666667,299.6725501001209,3,Premium Home Buyers,1,0,1
C0785,Company,F,USA,California,Home,2,No,Website,55.4,4,1047112.48,261778.12,860.9325,306.6167725571084,4,Value-Oriented Buyers,0,0,0
C0786,Individual,F,USA,California,Investment,3,No,Website,43.4,3,663797.37,221265.79,724.0866666666667,302.04140281052054,3,Value-Oriented Buyers,0,0,1
C0787,Individual,M,USA,Washington,Home,1,No,Website,75.7,3,1405947.66,468649.22,1527.8633333333337,307.56853242895073,3,Premium Home Buyers,1,0,0
C0788,Individual,M,France,Brittany,Investment,4,No,Website,82.2,4,1799447.01,449861.7525,1482.5875,309.49639406078114,4,Premium Home Buyers,1,0,1
C0789,Individual,F,Canada,Ontario,Investment,1,No,Website,52.2,3,1125271.6,375090.5333333334,1228.91,303.2073959835769,3,Premium Home Buyers,1,0,1
C0790,Individual,M,USA,California,Home,5,Yes,Agency,52.6,4,1521440.86,380360.215,1227.17,299.49803514694605,4,Premium Home Buyers,1,1,0
C0791,Individual,M,USA,Texas,Home,4,No,Website,43.1,4,1424465.81,356116.4525,1159.9675,307.8408243147681,4,Premium Home Buyers,1,0,0
C0792,Individual,M,USA,California,Investment,4,Yes,Website,44.3,4,1559979.82,389994.955,1219.85,318.8117893891475,4,Premium Home Buyers,1,1,1
C0793,Individual,M,USA,New York,Home,4,No,Agency,57.3,4,1245234.35,311308.5875,1048.44,294.2023761564657,4,Value-Oriented Buyers,0,0,0
C0794,Individual,M,USA,California,Home,4,Yes,Website,74.8,3,1120488.77,373496.25666666665,1308.513333333333,286.4643685389213,3,Premium Home Buyers,1,1,0
C0795,Individual,M,USA,California,Investment,4,Yes,Website,57.6,3,1170869.09,390289.6966666666,1169.0466666666669,336.31716892648285,3,Premium Home Buyers,1,1,1
C0796,Individual,F,USA,California,Investment,5,Yes,Website,42.8,3,559596.54,186532.18,607.4466666666667,308.84465686665186,3,Value-Oriented Buyers,0,1,1
C0797,Individual,F,USA,Oregon,Home,5,Yes,Agency,36.0,3,881179.3,293726.43333333335,851.8699999999999,337.5376984044663,3,Value-Oriented Buyers,0,1,0
C0798,Company,M,USA,Nevada,Home,4,Yes,Agency,60.8,4,987267.48,246816.87,840.8725,304.81197894331945,4,Value-Oriented Buyers,0,1,0
C0799,Individual,F,USA,California,Home,4,No,Website,72.1,4,1108935.86,277233.965,972.245,286.3094968391149,4,Value-Oriented Buyers,0,0,0
C0800,Individual,M,USA,Virginia,Investment,5,Yes,Website,52.5,3,983573.18,327857.7266666666,1151.5466666666666,286.20672734492643,3,Value-Oriented Buyers,0,1,1
C0801,Individual,F,USA,Washington,Home,4,Yes,Website,57.4,3,1361712.2999999998,453904.0999999999,1435.6633333333332,320.8893256121283,3,Premium Home Buyers,1,1,0
C0802,Individual,M,USA,Virginia,Home,5,No,Agency,55.8,3,1074480.81,358160.27,1217.58,291.45859188697153,3,Value-Oriented Buyers,0,0,0
C0803,Individual,F,USA,Texas,Home,4,No,Agency,80.7,4,1542819.53,385704.8825,1329.5925,283.6483693314935,4,Premium Home Buyers,1,0,0
C0804,Individual,M,USA,Washington,Home,5,No,Agency,58.9,3,1223755.92,407918.64,1464.8466666666666,276.8930741790998,3,Premium Home Buyers,1,0,0
C0805,Individual,M,Germany,Berlin,Home,1,Yes,Website,73.6,3,940964.73,313654.91,995.51,313.41064823609526,3,Value-Oriented Buyers,0,1,0
C0806,Individual,M,France,Ile-de-France,Home,5,No,Client,36.7,4,1485168.27,371292.0675,1220.42,306.8939349761006,4,Premium Home Buyers,1,0,0
C0807,Individual,F,Mexico,Mexico City,Investment,5,No,Website,32.7,4,1635419.92,408854.98,1412.375,293.84755010430564,4,Premium Home Buyers,1,0,1
C0808,Individual,M,Germany,Berlin,Home,3,Yes,Website,83.2,3,885158.15,295052.7166666667,1003.3133333333334,305.3961014512122,3,Value-Oriented Buyers,0,1,0
C0809,Individual,F,France,Occitanie,Home,5,Yes,Agency,59.5,3,1386118.19,462039.39666666667,1464.8466666666666,314.96733421611924,3,Premium Home Buyers,1,1,0
C0810,Individual,M,USA,California,Home,1,Yes,Website,31.5,3,922597.58,307532.5266666667,915.6366666666668,333.01958487528333,3,Value-Oriented Buyers,0,1,0
C0811,Individual,M,UK,Wales,Home,3,No,Agency,81.3,3,1515201.05,505067.01666666666,1471.9,345.91788927494,3,Premium Home Buyers,1,0,0
C0812,Individual,M,UK,Northern Ireland,Home,3,Yes,Website,52.0,4,1443224.01,360806.0025,1248.58,280.30434811212365,4,Premium Home Buyers,1,1,0
C0813,Individual,M,UK,Scotland,Investment,3,No,Agency,51.8,4,1314024.52,328506.13,1099.4925,307.6645181267488,4,Value-Oriented Buyers,0,0,1
C0814,Individual,F,USA,California,Home,2,No,Website,62.4,3,674363.74,224787.91333333333,706.7266666666666,318.0715726910921,3,Value-Oriented Buyers,0,0,0
C0815,Company,F,USA,Nevada,Home,4,Yes,Agency,61.2,3,962374.65,320791.55,1205.9633333333334,265.93231886986047,3,Value-Oriented Buyers,0,1,0
C0816,Individual,F,Germany,Hamburg,Home,2,Yes,Website,78.6,3,1003090.85,334363.6166666667,1151.5466666666666,297.00118498780694,3,Value-Oriented Buyers,0,1,0
C0817,Individual,F,USA,California,Investment,1,No,Website,53.7,3,1338281.0,446093.6666666667,1448.82,308.75530204471136,3,Premium Home Buyers,1,0,1
C0818,Company,F,USA,Colorado,Home,2,No,Website,35.0,4,760443.3500000001,190110.8375,677.79,284.7450186787868,4,Value-Oriented Buyers,0,0,0
C0819,Individual,M,USA,California,Home,5,No,Website,75.4,3,1239378.27,413126.09,1313.16,313.22158602229166,3,Premium Home Buyers,1,0,0
C0820,Individual,F,USA,Texas,Investment,4,No,Agency,85.8,3,920197.78,306732.5933333333,976.2833333333332,314.7580262145545,3,Value-Oriented Buyers,0,0,1
C0821,Individual,F,USA,California,Home,5,Yes,Agency,69.3,3,1371213.26,457071.0866666666,1467.89,315.2939326387077,3,Premium Home Buyers,1,1,0
C0822,Individual,F,USA,California,Investment,3,Yes,Website,67.3,3,1407630.29,469210.0966666667,1563.9733333333334,300.8023411785495,3,Premium Home Buyers,1,1,1
C0823,Individual,F,USA,Oregon,Investment,5,Yes,Agency,51.3,4,1722388.89,430597.2225,1338.9,317.82677737346125,4,Premium Home Buyers,1,1,1
C0824,Individual,M,USA,California,Home,3,No,Agency,50.6,3,1234378.85,411459.6166666667,1435.6633333333332,292.08734182923376,3,Premium Home Buyers,1,0,0
C0825,Individual,F,Mexico,Nuevo Leon,Home,4,Yes,Agency,44.4,4,1246198.0,311549.5,1075.0475,282.4811186408689,4,Value-Oriented Buyers,0,1,0
C0826,Individual,M,USA,Ohio,Investment,4,Yes,Website,55.8,4,1255265.82,313816.455,996.1925,311.0215374297446,4,Value-Oriented Buyers,0,1,1
C0827,Individual,F,USA,Washington,Home,2,Yes,Website,61.0,4,1176467.77,294116.9425,1025.3225,286.916035041445,4,Value-Oriented Buyers,0,1,0
C0828,Individual,F,USA,Arizona,Investment,4,Yes,Website,78.8,4,1313574.2,328393.55,1122.0925,298.2755690674255,4,Value-Oriented Buyers,0,1,1
C0829,Individual,M,USA,Utah,Investment,3,No,Website,65.7,4,1296844.19,324211.0475,1102.08,300.1892912626639,4,Value-Oriented Buyers,0,0,1
C0830,Individual,M,USA,Oregon,Investment,3,No,Agency,74.2,4,1518798.69,379699.6725,1169.615,323.4117006499843,4,Premium Home Buyers,1,0,1
C0831,Individual,F,USA,California,Home,2,No,Website,48.9,3,909532.47,303177.49,979.0866666666668,311.663917045049,3,Value-Oriented Buyers,0,0,0
C0832,Individual,F,USA,Nevada,Investment,3,Yes,Website,35.9,3,1290741.99,430247.33,1336.61,326.644087701286,3,Premium Home Buyers,1,1,1
C0833,Individual,M,Denmark,Southern Denmark,Home,5,No,Website,75.2,3,1422486.61,474162.2033333333,1623.3,292.9953788666901,3,Premium Home Buyers,1,0,0
C0834,Individual,F,USA,California,Home,5,No,Website,68.6,4,1384660.54,346165.135,1073.905,328.1957278374988,4,Premium Home Buyers,1,0,0
C0835,Individual,F,USA,California,Home,5,Yes,Website,52.2,4,1159317.69,289829.4225,941.61,301.6093932009608,4,Value-Oriented Buyers,0,1,0
C0836,Individual,M,USA,Ohio,Home,4,No,Website,84.4,3,1280715.29,426905.0966666667,1493.243333333333,289.3628185003332,3,Premium Home Buyers,1,0,0
C0837,Individual,M,France,Brittany,Home,1,No,Website,59.2,4,1415445.71,353861.4275,1253.3075,288.46015272758075,4,Premium Home Buyers,1,0,0
C0838,Individual,M,USA,Nevada,Investment,1,Yes,Website,34.3,3,837604.3,279201.43333333335,853.8133333333334,326.0913930157176,3,Value-Oriented Buyers,0,1,1
C0839,Individual,F,UK,England,Home,5,Yes,Agency,32.5,3,1123967.69,374655.89666666667,1308.513333333333,281.6697649098812,3,Premium Home Buyers,1,1,0
C0840,Individual,F,Belgium,Brussels,Home,1,No,Website,45.6,4,1508352.25,377088.0625,1329.5925,284.1936237390182,4,Premium Home Buyers,1,0,0
C0841,Individual,M,Belgium,Wallonia,Home,5,No,Website,27.3,4,1344816.1,336204.025,1167.105,287.2720038635614,4,Value-Oriented Buyers,0,0,0
C0842,Individual,M,USA,Washington,Home,5,Yes,Client,30.5,4,1082477.8199999998,270619.455,928.745,285.31847494849086,4,Value-Oriented Buyers,0,1,0
C0843,Individual,F,USA,Georgia,Home,4,No,Agency,26.3,3,1377127.37,459042.4566666667,1500.72,310.2983466429507,3,Premium Home Buyers,1,0,0
C0844,Individual,F,USA,California,Home,2,No,Website,79.2,4,1363201.96,340800.49,1187.8925000000002,286.6211440867866,4,Value-Oriented Buyers,0,0,0
C0845,Individual,F,USA,Washington,Home,3,No,Client,33.3,3,1355270.16,451756.72,1471.4466666666667,305.8787293583351,3,Premium Home Buyers,1,0,0
C0846,Individual,F,Canada,Quebec,Investment,3,No,Agency,50.2,3,1069033.77,356344.59,1135.5233333333333,304.2620936201817,3,Value-Oriented Buyers,0,0,1
C0847,Individual,F,USA,Utah,Home,2,Yes,Agency,38.5,4,1258765.46,314691.365,1011.5875,312.0693895088224,4,Value-Oriented Buyers,0,1,0
C0848,Individual,M,USA,California,Home,4,No,Agency,58.7,4,1366788.33,341697.0825,1184.9475000000002,294.8811577166271,4,Premium Home Buyers,1,0,0
C0849,Individual,M,USA,Oregon,Home,1,Yes,Website,48.8,4,1262931.66,315732.915,995.0275,307.7478715580654,4,Value-Oriented Buyers,0,1,0
C0850,Individual,F,USA,Colorado,Investment,5,No,Agency,42.7,3,528432.48,176144.16,610.62,288.9416642920567,3,Value-Oriented Buyers,0,0,1
C0851,Individual,M,USA,California,Investment,2,Yes,Website,33.2,4,1482957.88,370739.47,1259.95,292.2363616861836,4,Premium Home Buyers,1,1,1
C0852,Individual,M,Germany,North Rhine-Westphalia,Home,2,No,Agency,37.1,4,1368458.37,342114.5925,1222.37,283.3197424989349,4,Premium Home Buyers,1,0,0
C0853,Individual,M,USA,Utah,Home,4,No,Website,76.1,4,1293562.22,323390.555,1092.085,298.5740248235053,4,Value-Oriented Buyers,0,0,0
C0854,Individual,M,USA,California,Home,4,No,Website,82.5,3,1419031.61,473010.5366666666,1454.41,322.881767706823,3,Premium Home Buyers,1,0,0
C0855,Individual,F,Australia,Queensland,Home,4,No,Website,52.9,4,1198702.15,299675.5375,1114.2125,277.9824082637193,4,Value-Oriented Buyers,0,0,0
C0856,Individual,F,USA,Florida,Home,5,Yes,Website,62.0,4,1565508.99,391377.2475,1226.185,321.04644506396664,4,Premium Home Buyers,1,1,0
C0857,Individual,F,USA,California,Investment,1,Yes,Website,74.8,4,1431064.56,357766.14,1146.2825,306.8611088854491,4,Premium Home Buyers,1,1,1
C0858,Individual,M,USA,Nevada,Home,1,No,Website,31.7,3,972150.6,324050.2,1156.5633333333333,281.73064080751226,3,Value-Oriented Buyers,0,0,0
C0859,Individual,F,USA,California,Home,2,Yes,Agency,84.4,4,1440623.89,360155.97250000003,1154.105,307.1237768260935,4,Premium Home Buyers,1,1,0
C0860,Individual,F,USA,Utah,Home,5,Yes,Website,57.9,4,1362579.84,340644.96,1148.025,295.07295295436273,4,Value-Oriented Buyers,0,1,0
C0861,Individual,F,France,Brittany,Investment,2,No,Agency,32.3,3,1527460.57,509153.5233333334,1635.6233333333332,314.6810068277168,3,Premium Home Buyers,1,0,1
C0862,Individual,F,USA,Colorado,Investment,1,No,Website,45.2,3,1354421.91,451473.97,1527.8633333333337,292.7765275368804,3,Premium Home Buyers,1,0,1
C0863,Individual,M,Belgium,Wallonia,Home,5,Yes,Agency,51.3,4,1107744.96,276936.24,984.6475,283.2830434701238,4,Value-Oriented Buyers,0,1,0
C0864,Individual,M,USA,Texas,Home,3,No,Website,56.1,3,1085548.02,361849.34,1156.5633333333333,312.8404586706677,3,Value-Oriented Buyers,0,0,0
C0865,Individual,F,USA,Colorado,Investment,5,Yes,Website,51.2,4,1268059.13,317014.7825,1008.395,313.6153784118969,4,Value-Oriented Buyers,0,1,1
C0866,Individual,M,Belgium,Brussels,Home,3,No,Agency,38.7,4,1331713.08,332928.27,1148.025,296.4052478325079,4,Value-Oriented Buyers,0,0,0
C0867,Individual,F,USA,California,Home,2,No,Agency,58.7,3,1028747.3,342915.76666666666,1146.263333333333,298.8466364564212,3,Value-Oriented Buyers,0,0,0
C0868,Individual,F,USA,Florida,Home,3,Yes,Agency,81.5,3,987211.17,329070.39,1049.38,316.49402175782353,3,Value-Oriented Buyers,0,1,0
C0869,Individual,M,USA,California,Home,4,No,Agency,33.1,3,858807.13,286269.04333333333,1012.96,283.4140659016659,3,Value-Oriented Buyers,0,0,0
C0870,Company,F,UK,Northern Ireland,Home,2,Yes,Website,60.6,4,1097902.26,274475.565,909.9825,307.87495262882703,4,Value-Oriented Buyers,0,1,0
C0871,Individual,F,USA,Virginia,Home,1,Yes,Website,36.7,4,1939848.53,484962.1325,1524.2725,315.86788660881155,4,Premium Home Buyers,1,1,0
C0872,Individual,F,UK,England,Home,4,No,Website,83.1,4,1462320.39,365580.0975,1326.2525,274.3560649132103,4,Premium Home Buyers,1,0,0
C0873,Individual,M,USA,New York,Home,2,No,Website,85.9,3,1325777.78,441925.9266666667,1463.22,300.5462542501073,3,Premium Home Buyers,1,0,0
C0874,Individual,F,Belgium,Flanders,Investment,2,No,Website,73.0,4,1490289.11,372572.2775,1186.5225,309.15725845550025,4,Premium Home Buyers,1,0,1
C0875,Individual,M,Canada,Manitoba,Home,4,No,Website,53.9,3,1308981.48,436327.16,1370.5533333333333,316.4380702448201,3,Premium Home Buyers,1,0,0
C0876,Individual,M,USA,California,Home,3,No,Client,53.0,3,873771.52,291257.17333333334,971.19,303.1453983035049,3,Value-Oriented Buyers,0,0,0
C0877,Individual,F,USA,Utah,Investment,2,Yes,Agency,27.6,3,1407650.4,469216.8,1493.243333333333,315.98094172226456,3,Premium Home Buyers,1,1,1
C0878,Individual,F,USA,Nevada,Home,4,Yes,Website,81.3,3,970670.15,323556.7166666666,1008.13,316.25317851031645,3,Value-Oriented Buyers,0,1,0
C0879,Individual,M,UK,Northern Ireland,Home,4,Yes,Website,81.4,3,1349121.32,449707.1066666667,1463.22,305.1457789222248,3,Premium Home Buyers,1,1,0
C0880,Individual,F,USA,New York,Home,2,No,Website,85.1,4,1390002.64,347500.66000000003,1151.37,300.1519609034721,4,Premium Home Buyers,1,0,0
C0881,Individual,F,USA,Colorado,Investment,1,No,Website,71.9,4,1247321.2,311830.3,1136.6925,271.62788758556525,4,Value-Oriented Buyers,0,0,1
C0882,Individual,M,UK,Wales,Home,3,No,Website,26.1,3,1142828.14,380942.7133333334,1435.6633333333332,266.6154276396846,3,Premium Home Buyers,1,0,0
C0883,Individual,M,USA,Texas,Home,4,No,Client,79.8,4,1979258.27,494814.5675,1699.3675,290.08114296056306,4,Premium Home Buyers,1,0,0
C0884,Individual,M,USA,Nevada,Home,2,No,Website,77.1,3,1021697.5,340565.8333333333,1209.64,298.23058471031595,3,Value-Oriented Buyers,0,0,0
C0885,Individual,M,Canada,British Columbia,Investment,2,Yes,Agency,84.9,3,1540844.02,513614.6733333333,1671.7666666666669,304.09561097849235,3,Premium Home Buyers,1,1,1
C0886,Individual,M,USA,California,Home,3,Yes,Agency,65.1,3,807556.47,269185.49,941.21,284.7893224711529,3,Value-Oriented Buyers,0,1,0
C0887,Individual,F,USA,California,Home,3,No,Agency,33.3,4,1247287.09,311821.7725,1012.5575,314.98566455193463,4,Value-Oriented Buyers,0,0,0
C0888,Individual,F,Germany,Berlin,Home,4,Yes,Website,39.2,4,1104713.19,276178.2975,933.355,297.4721133150078,4,Value-Oriented Buyers,0,1,0
C0889,Individual,M,USA,Nevada,Investment,4,Yes,Website,40.8,3,1339350.59,446450.1966666666,1451.253333333333,313.4583729272578,3,Premium Home Buyers,1,1,1
C0890,Individual,F,USA,Virginia,Investment,3,Yes,Website,71.1,4,1138394.29,284598.5725,922.66,303.680705416924,4,Value-Oriented Buyers,0,1,1
C0891,Individual,M,Germany,North Rhine-Westphalia,Investment,1,Yes,Website,56.1,4,1340373.08,335093.27,1154.105,288.6593686869396,4,Value-Oriented Buyers,0,1,1
C0892,Individual,F,USA,California,Investment,2,Yes,Website,68.3,3,984121.4,328040.4666666666,1167.24,286.3662334017208,3,Value-Oriented Buyers,0,1,1
C0893,Individual,F,USA,Colorado,Home,3,Yes,Website,31.1,4,1695839.47,423959.8675,1329.5925,316.9860128802226,4,Premium Home Buyers,1,1,0
C0894,Individual,M,USA,Georgia,Home,5,No,Website,73.2,3,882067.47,294022.49,932.37,317.68353154361245,3,Value-Oriented Buyers,0,0,0
C0895,Individual,F,USA,Arizona,Investment,4,Yes,Website,73.0,3,1127680.6,375893.5333333334,1280.28,293.3534620750145,3,Premium Home Buyers,1,1,1
C0896,Individual,M,France,Brittany,Home,4,Yes,Agency,56.2,4,1157933.44,289483.36,935.765,310.5075374541726,4,Value-Oriented Buyers,0,1,0
C0897,Individual,F,Australia,Victoria,Home,1,No,Website,55.3,3,745691.65,248563.88333333333,801.46,308.2402966100844,3,Value-Oriented Buyers,0,0,0
C0898,Individual,F,USA,Arizona,Investment,5,Yes,Agency,72.9,4,836494.02,209123.505,706.0875,294.90427703593605,4,Value-Oriented Buyers,0,1,1
C0899,Company,F,USA,Washington,Investment,2,No,Website,38.1,3,1050407.63,350135.87666666665,1076.6899999999998,321.01194762368965,3,Value-Oriented Buyers,0,0,1
C0900,Individual,F,Germany,North Rhine-Westphalia,Home,4,No,Agency,27.2,3,606058.22,202019.40666666665,753.3133333333334,261.1778130081744,3,Value-Oriented Buyers,0,0,0
C0901,Individual,M,France,Brittany,Investment,4,No,Agency,27.5,3,909138.84,303046.28,909.0566666666668,323.6944912805544,3,Value-Oriented Buyers,0,0,1
C0902,Company,F,UK,Northern Ireland,Home,3,Yes,Agency,61.8,4,1281064.76,320266.19,1068.57,300.9680189124511,4,Value-Oriented Buyers,0,1,0
C0903,Individual,F,USA,Texas,Investment,3,No,Website,34.3,3,1108147.61,369382.5366666666,1240.6066666666666,299.6010403853574,3,Premium Home Buyers,1,0,1
C0904,Individual,F,Russia,Saint Petersburg,Home,1,Yes,Website,42.0,4,1050355.29,262588.8225,883.805,290.04708482677603,4,Value-Oriented Buyers,0,1,0
C0905,Individual,F,USA,Virginia,Home,5,Yes,Website,33.2,3,877477.72,292492.5733333333,927.6066666666666,309.22503185688345,3,Value-Oriented Buyers,0,1,0
C0906,Individual,F,USA,California,Investment,5,No,Website,57.0,4,1757967.56,439491.89,1458.93,300.62495699385056,4,Premium Home Buyers,1,0,1
C0907,Individual,F,USA,California,Home,3,No,Agency,52.7,3,1375380.46,458460.1533333333,1459.1899999999998,310.601097464294,3,Premium Home Buyers,1,0,0
C0908,Individual,M,USA,California,Home,4,Yes,Agency,65.7,4,1129941.35,282485.3375,825.1325,347.65920286677624,4,Value-Oriented Buyers,0,1,0
C0909,Individual,M,USA,California,Investment,1,Yes,Agency,58.8,4,1529455.73,382363.9325,1183.04,325.2407114942365,4,Premium Home Buyers,1,1,1
C0910,Individual,F,USA,Texas,Home,3,Yes,Agency,54.7,3,1293598.48,431199.49333333335,1238.36,342.79945374819334,3,Premium Home Buyers,1,1,0
C0911,Individual,M,USA,California,Home,4,No,Website,37.4,4,1310405.32,327601.33,972.335,337.0034363061051,4,Value-Oriented Buyers,0,0,0
C0912,Individual,F,USA,California,Home,1,No,Agency,76.8,3,1322130.05,440710.01666666666,1351.4633333333334,324.3756481756993,3,Premium Home Buyers,1,0,0
C0913,Individual,M,USA,California,Home,4,No,Agency,27.6,4,1935637.92,483909.48,1552.15,313.36913444851484,4,Premium Home Buyers,1,0,0
C0914,Individual,F,France,Provence,Investment,4,No,Website,77.7,4,1124290.78,281072.695,984.6475,289.3480172051452,4,Value-Oriented Buyers,0,0,1
C0915,Individual,M,USA,Florida,Home,2,No,Agency,78.6,3,1309768.71,436589.57,1283.46,327.1811404036192,3,Premium Home Buyers,1,0,0
C0916,Individual,M,Russia,Moscow Oblast,Home,2,No,Website,37.9,4,1377591.46,344397.865,1114.105,306.23787991648885,4,Value-Oriented Buyers,0,0,0
C0917,Individual,M,USA,Arizona,Home,2,Yes,Agency,57.6,3,756785.49,252261.83,851.4266666666667,297.57195253176656,3,Value-Oriented Buyers,0,1,0
C0918,Individual,F,Australia,Western Australia,Home,4,No,Client,26.5,3,1461361.87,487120.6233333333,1583.2166666666665,309.795387697743,3,Premium Home Buyers,1,0,0
C0919,Individual,F,Canada,Quebec,Investment,5,No,Agency,51.0,3,1059524.55,353174.85000000003,1179.5233333333333,305.8908508316593,3,Value-Oriented Buyers,0,0,1
C0920,Individual,M,USA,California,Home,4,No,Website,52.8,3,878368.79,292789.5966666667,934.4333333333334,321.2931144571189,3,Value-Oriented Buyers,0,0,0
C0921,Individual,F,Australia,New South Wales,Home,4,No,Agency,26.9,3,802736.76,267578.92,900.46,294.3762503755404,3,Value-Oriented Buyers,0,0,0
C0922,Individual,M,Australia,Victoria,Investment,4,Yes,Website,83.8,3,1105753.98,368584.66,1200.35,308.73094161670343,3,Premium Home Buyers,1,1,1
C0923,Individual,F,USA,Oregon,Home,3,No,Client,76.0,4,1183422.85,295855.7125,1035.1925,285.2070155991702,4,Value-Oriented Buyers,0,0,0
C0924,Individual,F,USA,California,Home,4,No,Website,38.4,4,1558670.83,389667.7075,1313.38,299.7373006824945,4,Premium Home Buyers,1,0,0
C0925,Individual,M,Germany,Hamburg,Home,2,No,Website,81.7,3,1308035.02,436011.6733333333,1471.9,295.3701328390946,3,Premium Home Buyers,1,0,0
C0926,Individual,F,USA,California,Home,3,No,Website,65.4,3,1078841.73,359613.91,1207.6466666666668,297.61005005296533,3,Value-Oriented Buyers,0,0,0
C0927,Individual,F,France,Ile-de-France,Home,4,No,Client,64.3,3,933499.38,311166.46,952.2633333333332,320.8203680770841,3,Value-Oriented Buyers,0,0,0
C0928,Individual,M,USA,California,Home,1,Yes,Agency,76.5,3,758070.13,252690.0433333333,883.7466666666666,298.25383289313083,3,Value-Oriented Buyers,0,1,0
C0929,Individual,M,USA,Washington,Home,4,No,Website,72.2,3,1167841.72,389280.5733333333,1117.9399999999998,349.4530842929988,3,Premium Home Buyers,1,0,0
C0930,Individual,F,USA,Washington,Investment,1,Yes,Agency,33.3,3,924305.53,308101.8433333333,1110.6233333333332,289.4556742458752,3,Value-Oriented Buyers,0,1,1
C0931,Individual,M,USA,Nevada,Investment,2,Yes,Client,48.6,3,997418.61,332472.87,1090.9466666666667,304.2758060505078,3,Value-Oriented Buyers,0,1,1
C0932,Individual,F,USA,New York,Home,5,No,Website,77.1,4,1468310.66,367077.665,1196.9725,305.08055221862105,4,Premium Home Buyers,1,0,0
C0933,Individual,F,USA,California,Home,4,No,Website,71.4,3,1077170.94,359056.98,1155.4633333333334,311.75039494413755,3,Value-Oriented Buyers,0,0,0
C0934,Individual,F,UK,Northern Ireland,Investment,5,Yes,Website,83.5,3,912489.59,304163.1966666667,1086.9833333333331,291.740054900947,3,Value-Oriented Buyers,0,1,1
C0935,Individual,F,Canada,Manitoba,Home,4,No,Agency,26.2,3,1133032.49,377677.4966666666,1221.6766666666665,320.71481879954456,3,Premium Home Buyers,1,0,0
C0936,Individual,F,USA,California,Home,3,No,Client,74.9,3,782945.97,260981.99,879.3433333333332,296.84915859488143,3,Value-Oriented Buyers,0,0,0
C0937,Individual,M,USA,Arizona,Home,5,No,Client,44.4,4,1370340.91,342585.22750000004,1127.3175,307.37339672768826,4,Premium Home Buyers,1,0,0
C0938,Individual,M,Russia,Krasnodar Krai,Home,4,No,Website,63.0,3,854217.7,284739.23333333334,851.87,331.4848799607234,3,Value-Oriented Buyers,0,0,0
C0939,Individual,F,Belgium,Brussels,Investment,1,No,Website,48.5,4,1190833.68,297708.42,996.3625,299.3216776801628,4,Value-Oriented Buyers,0,0,1
C0940,Individual,M,USA,Virginia,Investment,5,No,Website,40.6,4,1628937.85,407234.4625,1332.2825,301.2069210723519,4,Premium Home Buyers,1,0,1
C0941,Individual,F,Mexico,Jalisco,Home,1,No,Agency,71.1,3,1028314.09,342771.36333333334,1089.46,314.2699469183244,3,Value-Oriented Buyers,0,0,0
C0942,Individual,F,USA,California,Home,1,No,Website,34.7,4,1402631.76,350657.94,1008.6625,344.62482428868657,4,Premium Home Buyers,1,0,0
C0943,Individual,F,Canada,Manitoba,Investment,5,No,Website,68.9,3,975048.28,325016.0933333333,1129.1766666666665,288.9682701005914,3,Value-Oriented Buyers,0,0,1
C0944,Individual,F,USA,Florida,Home,2,No,Website,70.0,3,1256722.03,418907.3433333333,1283.46,316.41455277495,3,Premium Home Buyers,1,0,0
C0945,Individual,F,France,Provence,Home,4,No,Website,81.3,3,973406.55,324468.85000000003,1102.8633333333337,292.67881177084405,3,Value-Oriented Buyers,0,0,0
C0946,Individual,F,USA,Nevada,Investment,3,Yes,Agency,80.3,3,827605.63,275868.54333333333,897.3100000000001,308.0848539378181,3,Value-Oriented Buyers,0,1,1
C0947,Individual,F,USA,Texas,Home,2,No,Website,45.2,3,1096583.29,365527.76333333337,1190.3133333333333,303.0773212797431,3,Value-Oriented Buyers,0,0,0
C0948,Individual,F,USA,California,Investment,3,Yes,Website,36.7,4,1532000.51,383000.1275,1299.3675,292.4294946291139,4,Premium Home Buyers,1,1,1
C0949,Individual,F,USA,Colorado,Investment,5,Yes,Client,83.1,4,1397057.95,349264.4875,1102.2725,304.96042569271594,4,Value-Oriented Buyers,0,1,1
C0950,Individual,F,USA,Texas,Investment,5,No,Website,34.7,4,1418212.48,354553.12,1146.9925,309.1729172561952,4,Premium Home Buyers,1,0,1
C0951,Individual,F,Mexico,Nuevo Leon,Home,1,Yes,Client,27.7,4,1658301.92,414575.48,1290.8,318.9352119657447,4,Premium Home Buyers,1,1,0
C0952,Individual,F,USA,Oregon,Home,5,No,Website,67.4,4,1886501.93,471625.4825,1510.65,311.13443814146524,4,Premium Home Buyers,1,0,0
C0953,Company,M,USA,Washington,Home,5,Yes,Website,30.8,3,639815.0,213271.66666666663,839.1433333333334,260.1807906814217,3,Value-Oriented Buyers,0,1,0
C0954,Individual,M,France,Brittany,Investment,4,Yes,Agency,76.0,4,1493788.0,373447.0,1204.4975,316.54789585866547,4,Premium Home Buyers,1,1,1
C0955,Individual,F,USA,California,Home,1,No,Website,56.8,3,1098111.78,366037.26,1205.9633333333334,303.7837294950627,3,Value-Oriented Buyers,0,0,0
C0956,Individual,M,USA,California,Home,1,Yes,Website,59.9,4,1647197.45,411799.3625,1294.645,318.118525167396,4,Premium Home Buyers,1,1,0
C0957,Company,M,USA,Oregon,Home,2,Yes,Client,65.2,4,1295242.02,323810.505,1072.5575,309.9639640800107,4,Value-Oriented Buyers,0,1,0
C0958,Individual,F,USA,Nevada,Home,1,Yes,Website,34.8,4,936091.45,234022.8625,834.6575,281.68130459746465,4,Value-Oriented Buyers,0,1,0
C0959,Individual,M,USA,California,Home,3,No,Agency,73.9,4,1840159.66,460039.915,1572.79,290.2481504875404,4,Premium Home Buyers,1,0,0
C0960,Individual,F,USA,Arizona,Investment,1,Yes,Client,66.6,4,1380084.58,345021.145,1148.2475,302.4929876697332,4,Value-Oriented Buyers,0,1,1
C0961,Individual,M,UK,Wales,Home,2,Yes,Website,52.4,4,1681311.67,420327.9175,1271.345,322.9858897950755,4,Premium Home Buyers,1,1,0
C0962,Individual,M,USA,California,Home,4,No,Website,86.1,4,1335726.82,333931.705,1114.2125,300.90854803873805,4,Value-Oriented Buyers,0,0,0
C0963,Individual,M,Canada,Alberta,Home,4,No,Agency,84.9,3,598874.99,199624.99666666667,678.9699999999999,294.37238795965703,3,Value-Oriented Buyers,0,0,0
C0964,Individual,F,USA,California,Home,4,No,Website,72.9,3,1015121.69,338373.89666666667,1168.3833333333334,287.7562530722898,3,Value-Oriented Buyers,0,0,0
C0965,Individual,F,USA,New York,Investment,3,No,Website,64.9,3,840199.6100000001,280066.5366666667,862.1066666666666,327.9994305582956,3,Value-Oriented Buyers,0,0,1
C0966,Company,M,USA,California,Investment,3,No,Website,30.8,4,1606785.0499999998,401696.2625,1510.34,275.3910258640924,4,Premium Home Buyers,1,0,1
C0967,Individual,F,USA,California,Home,2,No,Agency,67.6,3,705599.66,235199.8866666667,879.3433333333332,270.92870403576376,3,Value-Oriented Buyers,0,0,0
C0968,Individual,F,USA,Arizona,Home,4,No,Website,30.7,3,1089074.71,363024.9033333333,1168.3833333333334,306.8578888571016,3,Value-Oriented Buyers,0,0,0
C0969,Individual,F,Russia,Tatarstan,Investment,1,Yes,Agency,50.4,3,1118760.19,372920.0633333333,1186.4366666666667,304.3414643174505,3,Premium Home Buyers,1,1,1
C0970,Individual,M,Denmark,North Denmark,Home,3,Yes,Website,40.6,4,1596404.25,399101.0625,1313.38,301.00245069306345,4,Premium Home Buyers,1,1,0
C0971,Individual,F,USA,Colorado,Investment,5,Yes,Website,57.5,4,1278450.05,319612.5125,1011.23,313.85065589563084,4,Value-Oriented Buyers,0,1,1
C0972,Individual,F,USA,Arizona,Home,5,No,Agency,61.9,4,1298009.03,324502.2575,1072.985,299.198430638982,4,Value-Oriented Buyers,0,0,0
C0973,Individual,M,USA,California,Investment,2,No,Client,34.4,4,1595817.16,398954.29,1210.7375000000002,333.0310914890481,4,Premium Home Buyers,1,0,1
C0974,Individual,M,USA,New York,Home,1,No,Agency,65.2,4,1210990.11,302747.5275,1008.395,294.33650684938635,4,Value-Oriented Buyers,0,0,0
C0975,Individual,M,USA,Utah,Home,4,No,Website,79.9,3,941310.61,313770.2033333333,1050.08,302.3541105653684,3,Value-Oriented Buyers,0,0,0
C0976,Individual,M,USA,California,Home,4,Yes,Website,43.1,4,1206149.98,301537.495,947.7475,315.51504086805863,4,Value-Oriented Buyers,0,1,0
C0977,Individual,M,USA,California,Home,1,No,Agency,30.1,3,944672.95,314890.98333333334,1092.506666666667,284.63107516012536,3,Value-Oriented Buyers,0,0,0
C0978,Individual,F,USA,California,Home,4,Yes,Website,62.8,3,1449360.91,483120.3033333334,1526.9566666666667,316.650344003343,3,Premium Home Buyers,1,1,0
C0979,Individual,F,Canada,Quebec,Investment,4,No,Website,86.5,3,864661.4500000001,288220.48333333334,939.33,307.1839583202157,3,Value-Oriented Buyers,0,0,1
C0980,Individual,M,USA,New York,Investment,1,Yes,Website,84.6,3,1156326.64,385442.2133333334,1392.5566666666666,288.11923914459976,3,Premium Home Buyers,1,1,1
C0981,Individual,F,USA,California,Investment,1,No,Website,64.7,4,2048324.19,512081.0475,1555.2975,331.2073515732492,4,Premium Home Buyers,1,0,1
C0982,Individual,F,Canada,Manitoba,Investment,5,Yes,Agency,65.0,3,1443503.73,481167.91,1456.36,342.41607823212286,3,Premium Home Buyers,1,1,1
C0983,Individual,F,Germany,North Rhine-Westphalia,Home,4,No,Website,32.1,3,803219.7,267739.9,899.62,297.90910935589744,3,Value-Oriented Buyers,0,0,0
C0984,Individual,M,Canada,British Columbia,Home,5,Yes,Agency,64.4,3,1206529.21,402176.4033333333,1337.1733333333334,306.06036448231094,3,Premium Home Buyers,1,1,0
C0985,Individual,F,USA,California,Home,1,Yes,Website,71.8,3,886990.72,295663.5733333333,934.4333333333334,318.71525327720883,3,Value-Oriented Buyers,0,1,0
C0986,Individual,F,Russia,Saint Petersburg,Home,2,No,Website,44.8,3,1445226.07,481742.0233333334,1510.3766666666668,314.022197887687,3,Premium Home Buyers,1,0,0
C0987,Individual,F,Germany,North Rhine-Westphalia,Home,1,Yes,Agency,58.8,4,1086018.36,271504.59,984.12,282.1152952097202,4,Value-Oriented Buyers,0,1,0
C0988,Individual,M,USA,Texas,Home,3,Yes,Agency,38.3,3,695033.8,231677.93333333332,724.0866666666667,323.15023711577953,3,Value-Oriented Buyers,0,1,0
C0989,Individual,F,USA,Oregon,Home,4,No,Website,79.8,4,1129907.31,282476.8275,1035.1925,275.65055280155553,4,Value-Oriented Buyers,0,0,0
C0990,Individual,M,USA,Utah,Home,4,No,Website,84.6,4,1588383.36,397095.84,1321.76,298.8450324700167,4,Premium Home Buyers,1,0,0
C0991,Individual,F,USA,Nevada,Home,1,No,Website,51.4,3,1223116.15,407705.3833333333,1464.8466666666666,281.16282453781065,3,Premium Home Buyers,1,0,0
C0992,Individual,M,Denmark,Capital Region,Home,1,Yes,Website,37.7,4,1478482.61,369620.6525,1205.465,308.4945964231183,4,Premium Home Buyers,1,1,0
C0993,Individual,M,USA,California,Home,2,Yes,Website,71.8,3,530494.44,176831.47999999998,610.62,287.45408616535224,3,Value-Oriented Buyers,0,1,0
C0994,Individual,M,USA,California,Home,3,No,Website,49.7,4,1379902.87,344975.7175,1187.8925000000002,293.559264821312,4,Premium Home Buyers,1,0,0
C0995,Individual,F,Australia,New South Wales,Home,1,Yes,Website,76.8,3,1004120.77,334706.92333333334,1037.11,320.3535747659157,3,Value-Oriented Buyers,0,1,0
C0996,Individual,M,Canada,Manitoba,Home,2,Yes,Client,69.8,3,888968.0,296322.6666666667,941.21,314.8072855839984,3,Value-Oriented Buyers,0,1,0
C0997,Individual,M,USA,California,Investment,3,Yes,Agency,75.8,3,1607877.07,535959.0233333333,1654.4733333333334,327.1364224522813,3,Premium Home Buyers,1,1,1
C0998,Company,F,USA,Virginia,Home,4,No,Agency,57.2,4,1230552.15,307638.0375,1053.27,290.3612311492981,4,Value-Oriented Buyers,0,0,0
C0999,Individual,F,USA,California,Investment,3,No,Agency,56.9,3,661984.35,220661.45,753.3133333333334,294.4571639699334,3,Value-Oriented Buyers,0,0,1
C1000,Individual,F,USA,Utah,Home,2,Yes,Website,63.1,4,1629372.23,407343.0575,1316.6550000000002,295.5081146814199,4,Premium Home Buyers,1,1,0
C1001,Individual,M,USA,California,Home,3,No,Website,45.1,4,1650296.94,412574.235,1326.3725,310.16333452944724,4,Premium Home Buyers,1,0,0
C1002,Individual,M,USA,California,Home,5,No,Website,59.0,3,1064050.72,354683.5733333333,1052.0866666666668,324.7466875375312,3,Value-Oriented Buyers,0,0,0
C1003,Individual,F,USA,Nevada,Home,2,No,Website,48.8,3,1164909.23,388303.07666666666,1303.7766666666666,293.62565256578495,3,Premium Home Buyers,1,0,0
C1004,Individual,M,USA,Oregon,Home,3,Yes,Website,43.9,4,1553467.66,388366.915,1254.045,307.39957363177257,4,Premium Home Buyers,1,1,0
C1005,Individual,F,Germany,Hamburg,Home,3,No,Client,38.1,3,778101.6000000001,259367.20000000004,993.0033333333334,271.0009824298048,3,Value-Oriented Buyers,0,0,0
C1006,Individual,F,USA,Georgia,Home,1,No,Website,33.6,3,738938.8,246312.93333333332,828.39,294.7771085435938,3,Value-Oriented Buyers,0,0,0
C1007,Individual,F,UK,England,Home,4,No,Agency,77.8,3,813104.68,271034.89333333337,847.0366666666667,317.6790312619853,3,Value-Oriented Buyers,0,0,0
C1008,Company,M,USA,California,Home,2,No,Website,39.5,4,1018262.69,254565.6725,849.79,303.07177350254955,4,Value-Oriented Buyers,0,0,0
C1009,Individual,F,USA,Nevada,Investment,4,Yes,Agency,75.8,3,741160.04,247053.34666666668,971.19,257.5333442470797,3,Value-Oriented Buyers,0,1,1
C1010,Individual,M,Mexico,Jalisco,Home,4,No,Website,61.9,4,1331479.73,332869.9325,1077.195,301.60505964963625,4,Value-Oriented Buyers,0,0,0
C1011,Individual,F,USA,California,Investment,1,No,Website,73.6,4,1281389.39,320347.34750000003,1075.505,305.9364376382235,4,Value-Oriented Buyers,0,0,1
C1012,Individual,M,USA,New York,Home,4,Yes,Website,65.8,3,1690270.5,563423.5,1736.0333333333335,325.46681833593675,3,Premium Home Buyers,1,1,0
C1013,Individual,F,USA,Oregon,Home,1,Yes,Website,32.1,4,1627907.97,406976.9925,1298.145,312.654772421993,4,Premium Home Buyers,1,1,0
C1014,Individual,M,USA,California,Home,3,Yes,Website,57.2,3,1278106.36,426035.45333333337,1523.6933333333334,292.9843221669268,3,Premium Home Buyers,1,1,0
C1015,Individual,M,USA,California,Home,4,Yes,Website,49.6,3,884426.51,294808.83666666667,973.09,300.2249321831583,3,Value-Oriented Buyers,0,1,0
C1016,Individual,F,USA,California,Home,4,Yes,Agency,50.3,4,1542774.61,385693.6525,1214.5625,312.8043986665632,4,Premium Home Buyers,1,1,0
C1017,Individual,F,USA,California,Home,1,Yes,Agency,57.6,4,1116371.43,279092.8575,928.745,305.23937087997666,4,Value-Oriented Buyers,0,1,0
C1018,Individual,F,USA,Colorado,Home,5,Yes,Client,59.1,3,845680.5700000001,281893.5233333334,1033.4833333333331,273.2305004945338,3,Value-Oriented Buyers,0,1,0
C1019,Individual,F,USA,Nevada,Home,2,No,Client,50.8,3,1167255.18,389085.06,1325.0800000000002,298.1001304860728,3,Premium Home Buyers,1,0,0
C1020,Individual,F,USA,California,Home,3,No,Agency,32.1,4,1248826.86,312206.715,994.0725,306.5220996767232,4,Value-Oriented Buyers,0,0,0
C1021,Individual,M,USA,California,Investment,1,No,Client,52.3,4,1554739.9,388684.975,1340.7775,295.54079628802083,4,Premium Home Buyers,1,0,1
C1022,Individual,F,USA,Colorado,Home,1,No,Agency,42.3,4,1389709.13,347427.2825,1122.0925,306.8867427595196,4,Premium Home Buyers,1,0,0
C1023,Individual,F,USA,Nevada,Home,1,Yes,Website,73.0,3,1336237.87,445412.62333333335,1599.3433333333332,275.5785645289239,3,Premium Home Buyers,1,1,0
C1024,Individual,M,USA,Arizona,Investment,2,No,Agency,57.4,3,1351032.92,450344.3066666666,1510.3766666666668,295.4987557332975,3,Premium Home Buyers,1,0,1
C1025,Individual,F,USA,California,Home,1,No,Client,79.6,3,738424.1799999999,246141.3933333333,735.3566666666667,335.6071778462603,3,Value-Oriented Buyers,0,0,0
C1026,Individual,M,USA,California,Investment,1,No,Agency,34.7,3,1440775.1,480258.3666666667,1452.263333333333,334.1423474482069,3,Premium Home Buyers,1,0,1
C1027,Individual,M,USA,California,Investment,1,Yes,Client,49.8,3,1554407.81,518135.9366666667,1649.26,318.9668157987488,3,Premium Home Buyers,1,1,1
C1028,Individual,M,USA,California,Home,1,Yes,Website,84.1,4,1143826.71,285956.6775,984.12,290.9076854075112,4,Value-Oriented Buyers,0,1,0
C1029,Individual,M,Australia,Victoria,Home,1,No,Agency,77.2,3,946560.97,315520.3233333333,1049.38,299.1766034932709,3,Value-Oriented Buyers,0,0,0
C1030,Individual,F,USA,Ohio,Home,4,No,Website,66.3,4,1353543.06,338385.765,1070.475,313.4285139672919,4,Value-Oriented Buyers,0,0,0
C1031,Individual,M,UK,England,Home,1,No,Website,37.6,3,1011333.2,337111.06666666665,1088.5866666666668,312.3940949609546,3,Value-Oriented Buyers,0,0,0
C1032,Individual,M,USA,Nevada,Home,5,No,Website,49.4,4,1494289.73,373572.4325,1086.2275,342.2080408780598,4,Premium Home Buyers,1,0,0
C1033,Individual,M,France,Ile-de-France,Home,2,No,Website,64.1,4,1496120.51,374030.1275,1313.38,290.56103891604687,4,Premium Home Buyers,1,0,0
C1034,Individual,F,USA,Colorado,Home,5,No,Client,47.6,4,1200049.6,300012.4,970.375,310.75049022317035,4,Value-Oriented Buyers,0,0,0
C1035,Individual,M,USA,Virginia,Home,2,No,Website,64.9,4,1528550.13,382137.5325,1227.17,311.63793649156986,4,Premium Home Buyers,1,0,0
C1036,Individual,F,USA,Oregon,Home,2,No,Agency,38.4,3,1176436.08,392145.36,1350.493333333333,289.98572327398165,3,Premium Home Buyers,1,0,0
C1037,Company,M,Mexico,Baja California,Home,2,Yes,Website,56.5,3,1115637.13,371879.0433333333,1190.3133333333333,307.6473681977245,3,Premium Home Buyers,1,1,0
C1038,Individual,M,USA,California,Investment,3,No,Website,67.2,3,907128.2,302376.0666666667,939.33,320.6355734378572,3,Value-Oriented Buyers,0,0,1
C1039,Individual,M,USA,California,Home,1,Yes,Agency,64.1,4,1428452.94,357113.235,1210.7375000000002,290.18791818982925,4,Premium Home Buyers,1,1,0
C1040,Individual,M,USA,California,Investment,5,Yes,Website,86.3,3,901095.79,300365.26333333337,992.22,302.49273184974817,3,Value-Oriented Buyers,0,1,1
C1041,Individual,F,USA,Nevada,Home,5,Yes,Website,36.1,3,1150040.79,383346.93,1303.7766666666666,296.6726115199364,3,Premium Home Buyers,1,1,0
C1042,Individual,F,USA,Nevada,Home,2,No,Agency,81.4,4,1325783.46,331445.865,1122.0925,300.32888890851893,4,Value-Oriented Buyers,0,0,0
C1043,Individual,F,USA,Washington,Home,5,No,Website,27.1,3,1067911.86,355970.61999999994,1357.1933333333334,262.4906999884452,3,Premium Home Buyers,1,0,0
C1044,Individual,M,USA,Nevada,Investment,5,No,Website,55.2,4,1368036.39,342009.09750000003,1145.535,297.38934570167584,4,Value-Oriented Buyers,0,0,1
C1045,Individual,F,USA,New York,Home,3,No,Website,84.6,3,974840.03,324946.6766666667,1060.1133333333337,304.33718511175783,3,Value-Oriented Buyers,0,0,0
C1046,Individual,F,Canada,Quebec,Home,4,Yes,Website,57.2,4,1301128.39,325282.0975,1049.6999999999998,306.37197607525377,4,Value-Oriented Buyers,0,1,0
C1047,Individual,M,USA,Virginia,Home,3,No,Website,41.7,3,1333737.83,444579.2766666667,1454.5733333333335,305.3774365823991,3,Premium Home Buyers,1,0,0
C1048,Individual,F,USA,Oregon,Investment,1,No,Agency,56.5,3,1349339.41,449779.8033333333,1439.256666666667,317.946504185774,3,Premium Home Buyers,1,0,1
C1049,Individual,F,USA,California,Investment,5,No,Website,86.3,3,1214294.16,404764.72,1451.5366666666669,278.866775395034,3,Premium Home Buyers,1,0,1
C1050,Individual,M,USA,Georgia,Home,4,Yes,Website,71.4,4,1274655.09,318663.7725,1192.72,268.388272161904,4,Value-Oriented Buyers,0,1,0
C1051,Individual,F,USA,Virginia,Home,1,Yes,Agency,68.1,3,894972.26,298324.08666666667,1016.7433333333332,285.4355278770435,3,Value-Oriented Buyers,0,1,0
C1052,Individual,F,USA,Utah,Home,1,Yes,Agency,73.3,4,1008000.54,252000.135,836.9425,306.12137055351894,4,Value-Oriented Buyers,0,1,0
C1053,Individual,M,Mexico,Nuevo Leon,Home,2,Yes,Website,51.8,3,1280976.9,426992.3,1336.61,313.1594809077357,3,Premium Home Buyers,1,1,0
C1054,Individual,M,USA,Arizona,Home,2,Yes,Website,37.3,3,837920.5800000001,279306.86000000004,879.3433333333332,318.5971653034283,3,Value-Oriented Buyers,0,1,0
C1055,Individual,M,USA,New York,Investment,2,Yes,Website,53.7,3,811498.78,270499.5933333333,926.3966666666666,287.2751317727363,3,Value-Oriented Buyers,0,1,1
C1056,Individual,M,USA,Colorado,Home,1,Yes,Website,47.6,3,1436352.77,478784.25666666665,1754.9366666666667,273.1451540331124,3,Premium Home Buyers,1,1,0
C1057,Individual,M,USA,Nevada,Investment,5,No,Website,32.3,4,1430593.53,357648.3825,1301.4,284.0846420812627,4,Premium Home Buyers,1,0,1
C1058,Individual,F,Germany,Bavaria,Home,3,Yes,Website,52.7,4,1526007.8199999998,381501.955,1190.4075,320.5533224872499,4,Premium Home Buyers,1,1,0
C1059,Individual,F,USA,California,Home,4,No,Website,48.1,3,1266979.76,422326.5866666666,1422.97,298.61536509265187,3,Premium Home Buyers,1,0,0
C1060,Individual,M,USA,Nevada,Home,5,No,Agency,85.6,3,1167625.18,389208.3933333333,1321.503333333333,292.84046366411,3,Premium Home Buyers,1,0,0
C1061,Individual,F,UK,Scotland,Home,1,No,Website,66.6,4,1689767.29,422441.8225,1422.9925,295.5438986749776,4,Premium Home Buyers,1,0,0
C1062,Individual,M,USA,California,Home,4,No,Agency,50.6,4,1766882.53,441720.6325,1406.6075,310.5227475029277,4,Premium Home Buyers,1,0,0
C1063,Individual,F,USA,New York,Investment,5,Yes,Website,38.2,3,1315820.94,438606.98,1354.2933333333333,331.43911501254087,3,Premium Home Buyers,1,1,1
C1064,Individual,M,USA,California,Home,5,Yes,Website,81.2,3,695434.77,231811.59,883.7466666666668,280.86082373635776,3,Value-Oriented Buyers,0,1,0
C1065,Individual,M,USA,Georgia,Home,3,Yes,Client,71.2,3,1107631.34,369210.4466666667,1263.5766666666666,291.9173313852005,3,Premium Home Buyers,1,1,0
C1066,Individual,F,Australia,Victoria,Home,1,No,Website,84.9,4,1208868.77,302217.1925,990.9875,301.5513813972149,4,Value-Oriented Buyers,0,0,0
C1067,Individual,M,Mexico,Jalisco,Investment,4,No,Agency,83.6,3,849001.36,283000.4533333333,904.0466666666669,315.0468330999723,3,Value-Oriented Buyers,0,0,1
C1068,Individual,F,USA,California,Home,3,No,Agency,41.9,3,1403831.31,467943.77,1609.0333333333335,289.7214368698945,3,Premium Home Buyers,1,0,0
C1069,Individual,M,USA,Virginia,Home,3,Yes,Agency,34.2,3,1323760.84,441253.6133333333,1413.0600000000002,303.44639679224434,3,Premium Home Buyers,1,1,0
C1070,Individual,F,Germany,Bavaria,Home,5,No,Agency,75.1,3,1286265.14,428755.0466666667,1471.9,291.8865314648721,3,Premium Home Buyers,1,0,0
C1071,Individual,M,USA,Texas,Home,2,No,Agency,59.8,4,1047375.62,261843.905,874.6275,294.39774298838563,4,Value-Oriented Buyers,0,0,0
C1072,Individual,F,USA,Utah,Home,3,No,Agency,63.8,3,829884.93,276628.31,979.0866666666668,288.5696389424168,3,Value-Oriented Buyers,0,0,0
C1073,Individual,M,USA,California,Investment,2,No,Website,71.5,4,1197808.83,299452.2075,952.0525,315.7428127942344,4,Value-Oriented Buyers,0,0,1
C1074,Individual,M,UK,Northern Ireland,Home,1,No,Website,71.8,3,1004700.45,334900.15,1092.5400000000002,306.02898987266514,3,Value-Oriented Buyers,0,0,0
C1075,Individual,F,Mexico,Baja California,Home,3,No,Website,51.5,4,1178400.08,294600.02,984.9525,291.1346820030751,4,Value-Oriented Buyers,0,0,0
C1076,Individual,F,USA,Florida,Investment,3,No,Agency,45.8,3,884169.44,294723.14666666667,976.8166666666666,303.95564128129627,3,Value-Oriented Buyers,0,0,1
C1077,Individual,M,USA,Texas,Investment,2,No,Agency,44.1,4,1467449.24,366862.31,1245.935,300.2193199381815,4,Premium Home Buyers,1,0,1
C1078,Individual,M,USA,Ohio,Home,1,No,Agency,86.1,3,1247337.58,415779.19333333336,1303.7766666666666,317.9467904118692,3,Premium Home Buyers,1,0,0
C1079,Individual,M,USA,California,Investment,4,Yes,Website,67.1,3,1151228.31,383742.77,1336.61,285.64249887077904,3,Premium Home Buyers,1,1,1
C1080,Individual,F,UK,England,Investment,4,No,Agency,70.2,4,1594795.52,398698.88,1425.28,282.1009486357786,4,Premium Home Buyers,1,0,1
C1081,Company,M,Russia,Novosibirsk,Home,4,Yes,Agency,52.0,3,1006584.7,335528.23333333334,1203.39,279.70752797696326,3,Value-Oriented Buyers,0,1,0
C1082,Individual,F,USA,Oregon,Investment,5,Yes,Website,33.4,3,829499.85,276499.95,953.1133333333332,292.43153921750064,3,Value-Oriented Buyers,0,1,1
C1083,Individual,F,USA,Colorado,Investment,4,No,Agency,76.2,4,1145122.1,286280.525,939.4875,299.9984868272559,4,Value-Oriented Buyers,0,0,1
C1084,Individual,F,France,Ile-de-France,Home,4,No,Agency,37.0,4,1357921.15,339480.2875,1136.6925,303.3563463175702,4,Value-Oriented Buyers,0,0,0
C1085,Individual,F,Australia,Queensland,Investment,1,No,Client,78.8,3,797675.03,265891.6766666667,994.8266666666668,273.38861448511835,3,Value-Oriented Buyers,0,0,1
C1086,Individual,M,USA,Colorado,Home,1,Yes,Website,70.6,4,1339827.27,334956.8175,1030.21,332.96019753387134,4,Value-Oriented Buyers,0,1,0
C1087,Individual,M,USA,Colorado,Home,3,No,Website,42.4,4,1878433.21,469608.3025,1575.1075,297.17530966468473,4,Premium Home Buyers,1,0,0
C1088,Individual,M,USA,Utah,Home,4,Yes,Agency,27.9,3,802271.19,267423.73,883.7466666666666,298.33613271119646,3,Value-Oriented Buyers,0,1,0
C1089,Individual,F,USA,Utah,Home,1,Yes,Website,63.9,4,959344.08,239836.02,828.375,293.8822158297252,4,Value-Oriented Buyers,0,1,0
C1090,Individual,F,Canada,Alberta,Home,3,Yes,Client,64.1,3,1217272.58,405757.5266666667,1396.0966666666666,287.55351459580817,3,Premium Home Buyers,1,1,0
C1091,Individual,M,USA,Nevada,Home,1,Yes,Agency,42.1,3,741797.49,247265.83,853.6566666666668,289.5807889521602,3,Value-Oriented Buyers,0,1,0
C1092,Individual,M,USA,Oregon,Investment,2,No,Website,29.7,3,1213248.05,404416.01666666666,1452.263333333333,290.88400827499936,3,Premium Home Buyers,1,0,1
C1093,Individual,M,USA,Oregon,Home,1,Yes,Website,46.1,3,805402.8300000001,268467.61000000004,900.46,297.64989318099333,3,Value-Oriented Buyers,0,1,0
C1094,Individual,F,USA,Washington,Home,2,Yes,Website,65.7,4,1631407.56,407851.89,1273.5475,321.910050441513,4,Premium Home Buyers,1,1,0
C1095,Individual,F,USA,California,Home,3,No,Agency,86.5,4,1454366.24,363591.56,1264.0125,287.07973244706454,4,Premium Home Buyers,1,0,0
C1096,Individual,F,USA,New York,Home,2,No,Client,61.2,4,1756661.91,439165.4775,1339.695,324.96820599709486,4,Premium Home Buyers,1,0,0
C1097,Individual,F,Canada,Alberta,Home,3,Yes,Agency,64.1,3,1064342.81,354780.9366666667,1162.6166666666666,318.3470635810819,3,Value-Oriented Buyers,0,1,0
C1098,Individual,M,USA,California,Investment,3,No,Client,49.8,3,1187774.23,395924.74333333335,1290.0866666666668,309.5473952289038,3,Premium Home Buyers,1,0,1
C1099,Individual,F,USA,Colorado,Home,3,No,Agency,54.1,4,1426501.12,356625.28,1153.0825,309.2715698339898,4,Premium Home Buyers,1,0,0
C1100,Individual,M,Russia,Novosibirsk,Home,1,No,Website,86.2,4,1314225.59,328556.3975,1042.1725,310.0783216572116,4,Value-Oriented Buyers,0,0,0
C1101,Individual,M,Belgium,Flanders,Home,5,No,Website,62.4,4,1037914.43,259478.6075,868.5725,301.7278462138911,4,Value-Oriented Buyers,0,0,0
C1102,Company,M,Germany,Berlin,Home,2,No,Agency,66.2,4,1248456.03,312114.0075,993.0625,317.67184899825617,4,Value-Oriented Buyers,0,0,0
C1103,Individual,M,Belgium,Wallonia,Home,4,No,Agency,65.3,4,1206840.81,301710.2025,997.415,305.2775463875523,4,Value-Oriented Buyers,0,0,0
C1104,Individual,M,USA,Utah,Investment,5,Yes,Website,27.8,3,893996.19,297998.73,1025.013333333333,291.7482554350695,3,Value-Oriented Buyers,0,1,1
C1105,Individual,M,USA,Nevada,Home,3,Yes,Website,86.6,4,1623510.31,405877.5775,1365.9450000000002,293.87506553912937,4,Premium Home Buyers,1,1,0
C1106,Individual,M,USA,California,Home,1,No,Agency,44.2,3,773499.85,257833.28333333333,842.68,307.9397570403658,3,Value-Oriented Buyers,0,0,0
C1107,Individual,M,Canada,British Columbia,Home,1,No,Website,78.6,3,1156527.59,385509.1966666667,1268.0466666666669,301.14564940979614,3,Premium Home Buyers,1,0,0
C1108,Individual,F,Australia,South Australia,Home,4,No,Website,31.7,3,1069904.1,356634.7,1238.36,294.7851453769064,3,Value-Oriented Buyers,0,0,0
C1109,Individual,F,USA,California,Home,1,Yes,Client,59.3,4,1756965.37,439241.3425,1458.93,301.4131185315214,4,Premium Home Buyers,1,1,0
C1110,Individual,M,USA,New York,Home,5,Yes,Website,48.7,4,1445458.33,361364.5825,1152.91,318.9166393822343,4,Premium Home Buyers,1,1,0
C1111,Company,M,USA,California,Home,4,Yes,Website,59.5,3,885146.14,295048.7133333333,897.3100000000001,323.9129182993204,3,Value-Oriented Buyers,0,1,0
C1112,Individual,M,USA,Nevada,Investment,3,Yes,Website,44.3,3,961599.42,320533.14,975.9433333333332,326.2803977244216,3,Value-Oriented Buyers,0,1,1
C1113,Individual,F,USA,Texas,Investment,2,No,Client,52.0,4,1162770.88,290692.72,942.035,304.61097821969054,4,Value-Oriented Buyers,0,0,1
C1114,Individual,F,USA,California,Home,3,No,Website,34.4,3,872825.73,290941.91,1072.7266666666667,268.4954114712071,3,Value-Oriented Buyers,0,0,0
C1115,Individual,M,USA,Colorado,Home,3,Yes,Agency,52.8,3,1054599.19,351533.0633333333,1108.996666666667,316.35871256065496,3,Value-Oriented Buyers,0,1,0
C1116,Individual,F,USA,California,Home,1,Yes,Agency,34.7,3,766951.9500000001,255650.65,879.3433333333332,291.23958841858274,3,Value-Oriented Buyers,0,1,0
C1117,Individual,F,Mexico,Mexico City,Home,5,Yes,Website,71.5,4,1149629.49,287407.3725,1047.99,280.3384349684571,4,Value-Oriented Buyers,0,1,0
C1118,Company,M,UK,Scotland,Investment,2,Yes,Website,57.3,3,859368.99,286456.33,983.3166666666666,290.7041020975858,3,Value-Oriented Buyers,0,1,1
C1119,Individual,M,USA,Oregon,Home,1,Yes,Website,85.4,3,938703.66,312901.22,949.9033333333332,327.5590450489572,3,Value-Oriented Buyers,0,1,0
C1120,Individual,F,USA,Arizona,Home,1,No,Website,47.1,4,1371211.29,342802.8225,1123.6174999999998,312.88671385451624,4,Premium Home Buyers,1,0,0
C1121,Individual,F,USA,California,Home,1,No,Client,41.5,3,1014661.78,338220.5933333333,1124.5,291.2511892427533,3,Value-Oriented Buyers,0,0,0
C1122,Individual,F,USA,California,Home,4,No,Website,84.3,4,1558949.2,389737.3,1208.8775,318.8516883734127,4,Premium Home Buyers,1,0,0
C1123,Individual,M,USA,Virginia,Home,5,No,Agency,74.8,3,1241771.44,413923.8133333333,1283.7066666666667,323.27364041661014,3,Premium Home Buyers,1,0,0
C1124,Individual,F,USA,Oregon,Investment,5,Yes,Website,50.4,4,1272190.01,318047.5025,1040.89,306.10616888588527,4,Value-Oriented Buyers,0,1,1
C1125,Individual,M,USA,Oregon,Home,3,No,Agency,85.4,3,1186907.08,395635.69333333336,1332.34,307.51701187478665,3,Premium Home Buyers,1,0,0
C1126,Company,M,USA,Virginia,Home,1,Yes,Website,43.5,3,893488.2,297829.4,1015.94,292.2085361059286,3,Value-Oriented Buyers,0,1,0
C1127,Individual,F,UK,England,Investment,1,No,Website,83.2,3,838728.4,279576.13333333336,932.37,300.49428607077675,3,Value-Oriented Buyers,0,0,1
C1128,Individual,M,USA,California,Investment,1,No,Website,43.3,3,1186634.53,395544.8433333333,1330.8533333333332,296.58207301336256,3,Premium Home Buyers,1,0,1
C1129,Individual,F,USA,Colorado,Investment,5,No,Agency,81.4,4,1463125.26,365781.315,1219.4375,289.99242072016574,4,Premium Home Buyers,1,0,1
C1130,Individual,F,USA,Arizona,Home,5,No,Website,39.6,4,1326217.01,331554.2525,1009.23,321.0255612779805,4,Value-Oriented Buyers,0,0,0
C1131,Individual,F,USA,California,Investment,3,No,Website,42.2,3,1210500.79,403500.26333333337,1317.7333333333331,304.2277145031196,3,Premium Home Buyers,1,0,1
C1132,Individual,M,USA,New York,Home,2,Yes,Website,44.6,3,1383901.27,461300.4233333333,1448.82,316.1775561422482,3,Premium Home Buyers,1,1,0
C1133,Individual,M,USA,Oregon,Investment,3,No,Website,33.6,4,1427019.92,356754.98,1210.7375000000002,300.5105741068888,4,Premium Home Buyers,1,0,1
C1134,Individual,F,USA,California,Investment,1,No,Website,82.8,4,1088583.78,272145.945,905.0375,305.8142695003933,4,Value-Oriented Buyers,0,0,1
C1135,Individual,F,Russia,Moscow Oblast,Investment,5,Yes,Client,26.9,3,1186082.75,395360.9166666667,1303.4733333333334,310.18037672015083,3,Premium Home Buyers,1,1,1
C1136,Individual,F,USA,California,Home,3,Yes,Agency,61.3,3,1016844.64,338948.2133333333,1023.88,333.70262237392313,3,Value-Oriented Buyers,0,1,0
C1137,Individual,F,USA,Nevada,Home,4,Yes,Agency,39.6,3,1114902.43,371634.1433333333,1140.1733333333334,324.2515926101251,3,Premium Home Buyers,1,1,0
C1138,Individual,M,USA,Oregon,Home,1,No,Website,62.0,3,840602.9199999999,280200.9733333333,952.0733333333334,295.5658414604464,3,Value-Oriented Buyers,0,0,0
C1139,Individual,F,USA,California,Home,4,Yes,Client,30.4,3,1297382.59,432460.8633333333,1439.256666666667,309.4276922307376,3,Premium Home Buyers,1,1,0
C1140,Individual,M,USA,Florida,Home,1,Yes,Website,50.6,3,1275809.71,425269.9033333333,1277.2733333333333,330.9722053529248,3,Premium Home Buyers,1,1,0
C1141,Individual,F,USA,Arizona,Investment,3,No,Website,26.5,3,990242.33,330080.7766666667,1101.55,303.3971991818051,3,Value-Oriented Buyers,0,0,1
C1142,Individual,F,USA,Colorado,Home,2,Yes,Agency,77.9,4,1492680.13,373170.0325,1222.37,305.6875216980184,4,Premium Home Buyers,1,1,0
C1143,Individual,M,USA,Arizona,Home,2,Yes,Website,31.8,3,1108329.67,369443.2233333333,1343.8166666666666,279.2478375354422,3,Premium Home Buyers,1,1,0
C1144,Individual,F,USA,Georgia,Investment,4,No,Client,47.8,4,1244666.12,311166.53,1027.0725,302.4560159525921,4,Value-Oriented Buyers,0,0,1
C1145,Individual,M,USA,Nevada,Home,5,No,Website,33.4,3,1118850.31,372950.1033333333,1267.4066666666668,290.8141502077893,3,Premium Home Buyers,1,0,0
C1146,Individual,M,USA,California,Investment,2,No,Website,35.4,3,1037824.43,345941.4766666667,1136.0866666666668,301.5674926151485,3,Value-Oriented Buyers,0,0,1
C1147,Individual,F,USA,Utah,Home,3,No,Website,47.9,3,905314.84,301771.61333333334,1010.53,283.68967137156125,3,Value-Oriented Buyers,0,0,0
C1148,Individual,M,Australia,New South Wales,Home,1,Yes,Agency,35.1,3,1083677.57,361225.8566666667,1221.3833333333334,294.26408327270445,3,Value-Oriented Buyers,0,1,0
C1149,Individual,F,Russia,Tatarstan,Home,3,No,Agency,46.2,4,1277449.99,319362.4975,1053.27,304.88114561528886,4,Value-Oriented Buyers,0,0,0
C1150,Individual,F,USA,Nevada,Investment,4,No,Agency,34.0,3,1476970.3,492323.43333333335,1550.1266666666668,318.31597010486763,3,Premium Home Buyers,1,0,1
C1151,Individual,M,USA,Arizona,Investment,2,No,Website,62.7,4,1760000.34,440000.085,1350.2175,323.3665425556313,4,Premium Home Buyers,1,0,1
C1152,Individual,M,USA,Georgia,Home,1,No,Website,48.9,4,1654928.32,413732.08,1374.585,305.277426135718,4,Premium Home Buyers,1,0,0
C1153,Individual,M,USA,California,Home,1,No,Website,34.9,3,1007630.0,335876.6666666667,1170.3533333333332,284.8708308993425,3,Value-Oriented Buyers,0,0,0
C1154,Individual,M,USA,Utah,Home,5,Yes,Agency,69.7,4,1373889.96,343472.49,1135.325,296.23350884925514,4,Value-Oriented Buyers,0,1,0
C1155,Individual,M,USA,California,Home,5,No,Website,49.4,3,1577625.0,525875.0,1679.1066666666666,314.40356525425926,3,Premium Home Buyers,1,0,0
C1156,Individual,F,USA,Virginia,Home,4,No,Agency,70.2,3,859956.66,286652.22000000003,1008.13,287.8408123810682,3,Value-Oriented Buyers,0,0,0
C1157,Individual,M,Canada,Alberta,Investment,2,No,Website,82.5,4,894080.38,223520.095,716.4525,310.20801691089594,4,Value-Oriented Buyers,0,0,1
C1158,Individual,F,USA,California,Investment,2,No,Website,71.2,3,941360.29,313786.76333333337,972.0533333333332,311.26917145987926,3,Value-Oriented Buyers,0,0,1
C1159,Individual,M,USA,Nevada,Investment,1,Yes,Website,86.4,3,1170550.92,390183.64,1175.6833333333334,334.37478955160805,3,Premium Home Buyers,1,1,1
C1160,Individual,M,USA,Florida,Home,2,Yes,Website,45.7,4,1359425.86,339856.465,1101.9875,319.87916910180417,4,Value-Oriented Buyers,0,1,0
C1161,Individual,M,Canada,Alberta,Investment,3,Yes,Website,31.7,4,2022416.31,505604.0775,1486.3275,337.438142645512,4,Premium Home Buyers,1,1,1
C1162,Individual,M,USA,California,Investment,2,No,Website,64.5,4,1116223.63,279055.9075,872.6800000000001,322.6787424380419,4,Value-Oriented Buyers,0,0,1
C1163,Individual,M,USA,California,Home,3,Yes,Website,27.8,4,1202709.18,300677.295,1059.8375,274.5996436629596,4,Value-Oriented Buyers,0,1,0
C1164,Individual,F,Belgium,Wallonia,Home,3,Yes,Agency,57.8,4,1315287.03,328821.7575,1169.615,279.92191536959746,4,Value-Oriented Buyers,0,1,0
C1165,Individual,F,Russia,Moscow Oblast,Home,1,No,Website,31.9,3,970705.4,323568.4666666666,1079.9266666666665,302.49355231312893,3,Value-Oriented Buyers,0,0,0
C1166,Individual,M,USA,New York,Investment,1,No,Website,34.7,4,1163601.79,290900.4475,939.4875,311.1239477513616,4,Value-Oriented Buyers,0,0,1
C1167,Individual,M,UK,Scotland,Home,3,No,Website,58.6,3,1163104.83,387701.61,1193.7733333333333,322.9192026608696,3,Premium Home Buyers,1,0,0
C1168,Individual,F,Germany,Hamburg,Home,2,Yes,Agency,27.6,4,1081069.19,270267.2975,901.245,303.7050205160196,4,Value-Oriented Buyers,0,1,0
C1169,Individual,M,Russia,Saint Petersburg,Home,5,Yes,Agency,32.3,4,900300.22,225075.055,832.615,272.46330534254247,4,Value-Oriented Buyers,0,1,0
C1170,Individual,F,USA,Nevada,Home,1,Yes,Website,35.9,4,1165955.62,291488.905,1009.9325,298.4031524399469,4,Value-Oriented Buyers,0,1,0
C1171,Individual,F,USA,California,Investment,4,Yes,Website,42.0,4,1561809.25,390452.3125,1276.9875,296.6143175015088,4,Premium Home Buyers,1,1,1
C1172,Individual,F,USA,Nevada,Home,5,No,Website,84.3,4,1240274.79,310068.6975,990.4475,308.84872209858736,4,Value-Oriented Buyers,0,0,0
C1173,Individual,F,Canada,Manitoba,Investment,1,No,Website,42.5,4,1261072.17,315268.0425,1014.9825,308.0241842217684,4,Value-Oriented Buyers,0,0,1
C1174,Individual,M,USA,Nevada,Home,2,No,Agency,44.2,4,1414798.99,353699.7475,1244.8049999999998,284.4852213227559,4,Premium Home Buyers,1,0,0
C1175,Individual,F,USA,California,Home,2,No,Website,66.9,4,1766232.62,441558.155,1449.3775,298.5703920148524,4,Premium Home Buyers,1,0,0
C1176,Individual,F,USA,California,Investment,4,Yes,Agency,51.4,3,1003328.89,334442.9633333333,1170.3533333333332,293.1328929065208,3,Value-Oriented Buyers,0,1,1
C1177,Individual,M,USA,California,Investment,2,No,Agency,28.3,4,1047224.27,261806.0675,816.1600000000001,326.498763844369,4,Value-Oriented Buyers,0,0,1
C1178,Individual,F,USA,California,Home,1,No,Agency,76.1,3,744651.07,248217.0233333333,801.46,303.42108571012227,3,Value-Oriented Buyers,0,0,0
C1179,Individual,F,USA,California,Home,4,No,Agency,34.9,3,848152.02,282717.34,1045.8666666666668,279.8786312107401,3,Value-Oriented Buyers,0,0,0
C1180,Individual,F,Belgium,Brussels,Home,2,Yes,Website,30.8,4,1111089.24,277772.31,1050.5725,272.55931153295217,4,Value-Oriented Buyers,0,1,0
C1181,Individual,F,USA,Nevada,Investment,5,No,Website,70.4,3,743723.3099999999,247907.77,939.33,260.87602996615857,3,Value-Oriented Buyers,0,0,1
C1182,Individual,M,Germany,Bavaria,Investment,3,Yes,Website,64.8,4,1522183.38,380545.845,1269.065,298.7934167813669,4,Premium Home Buyers,1,1,1
C1183,Individual,M,USA,Arizona,Investment,1,No,Website,32.7,4,1364593.88,341148.47,1088.3825,309.3699818243346,4,Value-Oriented Buyers,0,0,1
C1184,Individual,M,France,Ile-de-France,Home,2,No,Website,73.3,3,500255.63,166751.87666666668,624.2366666666667,271.22767547077206,3,Value-Oriented Buyers,0,0,0
C1185,Individual,M,USA,California,Home,3,No,Website,26.1,4,1218570.99,304642.7475,1029.9125,299.6790493624279,4,Value-Oriented Buyers,0,0,0
C1186,Individual,F,USA,Nevada,Home,3,Yes,Website,48.1,3,1141153.96,380384.6533333333,1221.6766666666665,305.3714238326145,3,Premium Home Buyers,1,1,0
C1187,Individual,F,USA,Nevada,Home,4,No,Website,64.4,3,1097539.23,365846.41,1092.506666666667,337.616288257039,3,Value-Oriented Buyers,0,0,0
C1188,Individual,M,Canada,Alberta,Home,1,No,Client,31.6,4,1437535.25,359383.8125,1190.4075,300.65439754483594,4,Premium Home Buyers,1,0,0
C1189,Individual,M,USA,Florida,Home,2,Yes,Client,63.6,4,1180295.09,295073.7725,989.2175,300.4820655775108,4,Value-Oriented Buyers,0,1,0
C1190,Individual,F,USA,Texas,Home,4,No,Client,80.3,4,1358669.02,339667.255,1115.61,305.30990759703985,4,Value-Oriented Buyers,0,0,0
C1191,Individual,F,USA,California,Investment,3,No,Website,76.3,3,1095538.81,365179.6033333333,1357.1933333333334,273.7011135282778,3,Premium Home Buyers,1,0,1
C1192,Individual,M,USA,Florida,Home,5,No,Website,26.3,4,1111237.94,277809.485,941.135,296.25843363984995,4,Value-Oriented Buyers,0,0,0
C1193,Individual,F,UK,England,Home,1,No,Website,51.3,4,946796.24,236699.06,716.4525,323.97836460390846,4,Value-Oriented Buyers,0,0,0
C1194,Individual,F,USA,Colorado,Home,1,No,Website,83.2,3,1084957.53,361652.51,1263.8633333333337,291.0273787399834,3,Value-Oriented Buyers,0,0,0
C1195,Individual,F,USA,California,Home,4,Yes,Agency,36.1,4,1118238.91,279559.7275,910.925,314.1322114815813,4,Value-Oriented Buyers,0,1,0
C1196,Individual,M,USA,Nevada,Home,2,No,Agency,71.4,4,1731153.76,432788.44,1356.32,318.69792285710173,4,Premium Home Buyers,1,0,0
C1197,Individual,F,USA,Arizona,Home,4,No,Website,66.9,3,1439595.57,479865.19,1471.4466666666667,324.20515294107616,3,Premium Home Buyers,1,0,0
C1198,Individual,F,USA,New York,Home,1,No,Agency,66.6,3,1415391.59,471797.1966666666,1493.243333333333,306.25621223553867,3,Premium Home Buyers,1,0,0
C1199,Individual,M,USA,Colorado,Home,2,No,Website,83.4,4,1013002.89,253250.7225,910.2925,278.0399550907613,4,Value-Oriented Buyers,0,0,0
C1200,Individual,M,USA,Utah,Home,4,No,Agency,57.4,4,1789601.3299999998,447400.3325,1422.9925,312.64281043058384,4,Premium Home Buyers,1,0,0
C1201,Individual,M,USA,Oregon,Investment,1,Yes,Website,26.4,4,1063833.91,265958.4775,896.2525,302.40453661508013,4,Value-Oriented Buyers,0,1,1
C1202,Company,M,Canada,Quebec,Investment,5,Yes,Website,40.9,4,1527115.16,381778.79,1263.775,300.663913665422,4,Premium Home Buyers,1,1,1
C1203,Individual,F,USA,Arizona,Home,2,Yes,Website,64.6,3,1083378.55,361126.18333333335,1329.57,272.44314560657284,3,Premium Home Buyers,1,1,0
C1204,Individual,M,Mexico,Puebla,Investment,2,Yes,Website,34.4,3,1231356.24,410452.08,1280.28,320.6968714694973,3,Premium Home Buyers,1,1,1
C1205,Individual,M,Belgium,Flanders,Home,4,No,Website,67.2,3,968123.38,322707.79333333333,1076.69,298.8892332268788,3,Value-Oriented Buyers,0,0,0
C1206,Individual,F,USA,California,Investment,5,No,Website,68.9,3,941726.19,313908.73,1140.4,286.47864012438447,3,Value-Oriented Buyers,0,0,1
C1207,Individual,F,USA,Texas,Home,5,Yes,Agency,52.8,4,1084392.98,271098.245,1010.095,271.7832969908455,4,Value-Oriented Buyers,0,1,0
C1208,Individual,M,USA,Colorado,Home,1,No,Website,48.7,3,1277019.82,425673.2733333334,1477.03,287.0008175123508,3,Premium Home Buyers,1,0,0
C1209,Individual,F,USA,California,Home,4,Yes,Website,48.6,4,1201633.01,300408.2525,1123.3175,280.065996537026,4,Value-Oriented Buyers,0,1,0
C1210,Individual,M,USA,California,Investment,1,No,Website,35.3,4,1146800.83,286700.2075,897.47,324.2114273058785,4,Value-Oriented Buyers,0,0,1
C1211,Individual,F,Canada,British Columbia,Home,5,Yes,Website,29.8,4,1447927.02,361981.755,1167.105,312.4073486208948,4,Premium Home Buyers,1,1,0
C1212,Individual,M,USA,California,Home,1,No,Agency,68.8,4,1052290.76,263072.69,904.01,290.03223699889367,4,Value-Oriented Buyers,0,0,0
C1213,Individual,F,Canada,Manitoba,Home,5,No,Website,33.2,3,829461.56,276487.1866666667,899.9899999999999,307.65103559137043,3,Value-Oriented Buyers,0,0,0
C1214,Individual,F,USA,Florida,Home,1,No,Agency,25.8,4,1725018.41,431254.6025,1446.1125,295.9589018647372,4,Premium Home Buyers,1,0,0
C1215,Individual,M,USA,California,Home,3,No,Website,32.0,3,1140423.38,380141.1266666667,1104.51,334.3162316066536,3,Premium Home Buyers,1,0,0
C1216,Individual,F,France,Normandy,Home,4,No,Website,28.8,3,1191384.37,397128.12333333335,1464.8466666666666,268.9488600879964,3,Premium Home Buyers,1,0,0
C1217,Individual,M,USA,California,Investment,4,Yes,Website,29.3,3,1007204.78,335734.9266666667,1186.4366666666667,284.3015209635757,3,Value-Oriented Buyers,0,1,1
C1218,Individual,F,USA,California,Home,1,Yes,Website,84.6,4,1308613.5699999998,327153.3925,1121.525,294.14095893216097,4,Value-Oriented Buyers,0,1,0
C1219,Individual,F,USA,Arizona,Home,1,Yes,Website,43.2,3,867409.27,289136.42333333334,1074.6233333333332,272.8212370768839,3,Value-Oriented Buyers,0,1,0
C1220,Individual,F,USA,Colorado,Investment,4,Yes,Website,59.0,4,1471199.75,367799.9375,1254.045,291.9967395985485,4,Premium Home Buyers,1,1,1
C1221,Individual,F,USA,Nevada,Investment,2,No,Agency,42.2,3,1354868.93,451622.9766666666,1565.3233333333335,289.2757491815252,3,Premium Home Buyers,1,0,1
C1222,Individual,M,USA,Utah,Home,4,No,Website,57.1,3,1319349.86,439783.2866666666,1362.3833333333334,309.677366079583,3,Premium Home Buyers,1,0,0
C1223,Individual,F,USA,Washington,Home,4,No,Website,73.9,3,1072582.78,357527.5933333333,1369.7300000000002,262.54150288793767,3,Premium Home Buyers,1,0,0
C1224,Individual,M,USA,New York,Investment,5,Yes,Client,84.2,3,827238.27,275746.09,964.2666666666664,295.6907716496717,3,Value-Oriented Buyers,0,1,1
C1225,Individual,M,USA,Oregon,Home,2,No,Website,35.8,3,1122587.7,374195.9,1168.3366666666668,310.7464336420492,3,Premium Home Buyers,1,0,0
C1226,Individual,M,USA,Utah,Home,4,No,Website,37.6,3,972596.13,324198.71,1082.8966666666668,305.26025301274785,3,Value-Oriented Buyers,0,0,0
C1227,Individual,M,USA,Colorado,Home,3,Yes,Agency,39.4,4,2151534.73,537883.6825,1676.3825,321.7925599318375,4,Premium Home Buyers,1,1,0
C1228,Individual,M,USA,California,Home,2,No,Website,72.1,3,1058718.77,352906.25666666665,1124.5,322.2225104865599,3,Value-Oriented Buyers,0,0,0
C1229,Individual,F,UK,Scotland,Home,1,Yes,Website,32.5,3,1185126.78,395042.26,1303.4733333333334,298.8370474176625,3,Premium Home Buyers,1,1,0
C1230,Individual,M,USA,California,Home,5,No,Client,41.5,3,759973.15,253324.38333333333,801.46,322.5530137479957,3,Value-Oriented Buyers,0,0,0
C1231,Individual,F,USA,California,Home,2,No,Agency,71.9,3,859705.1699999999,286568.39,922.6666666666666,305.7026506482377,3,Value-Oriented Buyers,0,0,0
C1232,Individual,F,Canada,British Columbia,Home,3,No,Website,36.9,4,1527373.03,381843.2575,1173.8125,326.2271674324686,4,Premium Home Buyers,1,0,0
C1233,Individual,M,USA,Utah,Home,4,No,Website,47.3,3,936287.8,312095.93333333335,1078.7866666666666,289.2080400743226,3,Value-Oriented Buyers,0,0,0
C1234,Individual,F,USA,Colorado,Investment,1,No,Website,69.6,4,1463190.28,365797.57,1278.045,290.0384746664327,4,Premium Home Buyers,1,0,1
C1235,Individual,M,USA,Arizona,Home,2,No,Website,69.2,4,1271344.11,317836.0275,1025.3225,307.73330345087203,4,Value-Oriented Buyers,0,0,0
C1236,Individual,M,USA,Arizona,Home,4,Yes,Website,54.0,4,1747766.02,436941.505,1415.4825,312.92944946642984,4,Premium Home Buyers,1,1,0
C1237,Individual,F,UK,Wales,Investment,4,Yes,Website,82.9,3,688233.74,229411.24666666667,775.5666666666666,288.7713371436331,3,Value-Oriented Buyers,0,1,1
C1238,Individual,M,USA,Nevada,Home,1,Yes,Agency,80.3,4,1648873.57,412218.3925,1343.6575,311.8664599780692,4,Premium Home Buyers,1,1,0
C1239,Individual,F,USA,Oregon,Home,3,No,Agency,73.1,4,1457041.08,364260.27,1114.2125,323.4770957834436,4,Premium Home Buyers,1,0,0
C1240,Individual,F,USA,Nevada,Investment,4,Yes,Website,41.7,3,1018594.44,339531.48000000004,1104.51,303.2518202383132,3,Value-Oriented Buyers,0,1,1
C1241,Individual,F,USA,California,Home,1,No,Agency,53.0,4,1157084.59,289271.1475,948.835,307.65926372693644,4,Value-Oriented Buyers,0,0,0
C1242,Individual,M,USA,California,Home,3,Yes,Website,64.9,3,1055842.78,351947.5933333333,1138.4233333333334,310.2434888894541,3,Value-Oriented Buyers,0,1,0
C1243,Individual,M,USA,Colorado,Home,1,No,Website,78.3,4,1419502.04,354875.51,1246.6175,283.8858539511572,4,Premium Home Buyers,1,0,0
C1244,Individual,M,USA,Utah,Investment,5,Yes,Website,33.8,3,1438309.93,479436.6433333333,1513.17,319.29948078252545,3,Premium Home Buyers,1,1,1
C1245,Individual,M,USA,California,Home,3,Yes,Agency,62.9,3,1422519.51,474173.17,1529.4633333333334,312.9667282878813,3,Premium Home Buyers,1,1,0
C1246,Individual,F,Canada,Alberta,Home,2,No,Agency,82.9,3,859984.47,286661.49,980.87,292.4466463907468,3,Value-Oriented Buyers,0,0,0
C1247,Individual,F,USA,Nevada,Investment,2,No,Website,68.9,4,1774416.3199999998,443604.08,1489.73,300.7467525478454,4,Premium Home Buyers,1,0,1
C1248,Individual,F,USA,Arizona,Home,3,No,Agency,50.3,3,786895.89,262298.63,899.62,292.3046935159251,3,Value-Oriented Buyers,0,0,0
C1249,Individual,F,USA,California,Investment,1,No,Website,55.1,4,1289938.64,322484.66000000003,1146.015,292.20520145045657,4,Value-Oriented Buyers,0,0,1
C1250,Individual,M,USA,Nevada,Home,5,No,Agency,76.3,3,1582661.61,527553.87,1674.54,318.0400190315169,3,Premium Home Buyers,1,0,0
C1251,Individual,M,USA,Texas,Investment,5,No,Website,51.6,4,1246714.37,311678.5925,967.0,325.50986668573245,4,Value-Oriented Buyers,0,0,1
C1252,Individual,F,USA,Arizona,Home,3,Yes,Website,64.5,3,1137673.55,379224.51666666666,1221.6766666666665,314.4196861801559,3,Premium Home Buyers,1,1,0
C1253,Individual,M,USA,California,Home,2,No,Agency,34.9,3,767162.2200000001,255720.74,814.3533333333334,305.13823588122506,3,Value-Oriented Buyers,0,0,0
C1254,Individual,M,USA,California,Home,5,Yes,Agency,70.4,4,1604050.88,401012.72,1279.9,312.472453631792,4,Premium Home Buyers,1,1,0
C1255,Individual,M,USA,California,Home,3,No,Agency,26.9,4,1105130.19,276282.5475,942.035,298.30365394937,4,Value-Oriented Buyers,0,0,0
C1256,Company,F,USA,California,Investment,4,No,Agency,54.5,3,1227293.02,409097.6733333333,1357.1933333333334,305.6422156779153,3,Premium Home Buyers,1,0,1
C1257,Individual,M,USA,California,Home,5,Yes,Agency,34.6,3,850550.13,283516.71,893.3766666666667,324.03085908912,3,Value-Oriented Buyers,0,1,0
C1258,Individual,F,USA,Nevada,Home,1,No,Website,57.1,4,1015636.19,253909.0475,821.355,308.3410129428896,4,Value-Oriented Buyers,0,0,0
C1259,Individual,M,USA,California,Investment,3,Yes,Agency,55.5,4,1256766.51,314191.6275,1004.1575,313.1328719668483,4,Value-Oriented Buyers,0,1,1
C1260,Individual,F,USA,California,Home,2,No,Agency,34.0,4,1633449.34,408362.335,1423.1725,292.1552017186309,4,Premium Home Buyers,1,0,0
C1261,Individual,M,USA,Utah,Home,3,No,Client,50.4,3,1491163.72,497054.5733333333,1504.28,329.50647394430507,3,Premium Home Buyers,1,0,0
C1262,Individual,F,USA,California,Investment,4,No,Agency,75.8,3,961425.37,320475.1233333333,1077.3233333333335,291.4970216024968,3,Value-Oriented Buyers,0,0,1
C1263,Individual,M,USA,California,Investment,3,No,Agency,74.7,4,1975384.2,493846.0500000001,1602.67,306.3805103003388,4,Premium Home Buyers,1,0,1
C1264,Individual,F,USA,California,Investment,1,No,Agency,27.2,3,1287173.46,429057.82,1452.263333333333,305.40494135681024,3,Premium Home Buyers,1,0,1
C1265,Individual,M,USA,Washington,Home,1,Yes,Agency,83.4,3,1070432.96,356810.98666666663,1325.71,269.3053599047053,3,Value-Oriented Buyers,0,1,0
C1266,Individual,M,UK,England,Home,2,No,Website,74.1,4,1204291.73,301072.9325,1101.9875,273.05266723833233,4,Value-Oriented Buyers,0,0,0
C1267,Individual,F,USA,Colorado,Home,3,Yes,Website,61.1,3,1399933.88,466644.6266666667,1529.4633333333334,303.8631917164992,3,Premium Home Buyers,1,1,0
C1268,Individual,F,UK,Northern Ireland,Investment,1,Yes,Website,31.6,3,968928.25,322976.0833333333,1003.3133333333334,324.3330013936697,3,Value-Oriented Buyers,0,1,1
C1269,Individual,M,USA,California,Home,5,No,Website,61.9,3,1046535.0,348845.0,1169.0466666666669,300.8931992785535,3,Value-Oriented Buyers,0,0,0
C1270,Individual,F,USA,Texas,Home,4,No,Agency,47.8,3,1310435.53,436811.8433333333,1465.92,297.1370165750943,3,Premium Home Buyers,1,0,0
C1271,Individual,M,USA,California,Home,2,Yes,Agency,33.8,4,1296911.85,324227.9625,1040.5175,301.85823978883417,4,Value-Oriented Buyers,0,1,0
C1272,Individual,M,France,Occitanie,Home,1,Yes,Website,85.2,3,778830.7999999999,259610.26666666663,899.62,289.1932404531524,3,Value-Oriented Buyers,0,1,0
C1273,Individual,M,Canada,Alberta,Home,5,No,Website,58.2,3,1462080.32,487360.1066666667,1592.1233333333332,303.63608223036954,3,Premium Home Buyers,1,0,0
C1274,Individual,F,USA,California,Investment,1,Yes,Website,46.9,3,1038831.85,346277.2833333334,1193.7733333333333,299.1460353623706,3,Value-Oriented Buyers,0,1,1
C1275,Individual,F,USA,Georgia,Investment,1,No,Website,57.5,4,1737593.0,434398.25,1312.8225,329.1616939102863,4,Premium Home Buyers,1,0,1
C1276,Individual,M,Australia,Victoria,Home,1,Yes,Agency,85.9,3,1635917.97,545305.99,1754.9366666666667,310.85377441242235,3,Premium Home Buyers,1,1,0
C1277,Individual,F,USA,California,Investment,2,No,Agency,45.6,3,1270250.68,423416.8933333333,1267.4066666666668,341.3806389579295,3,Premium Home Buyers,1,0,1
C1278,Individual,M,USA,Utah,Home,4,No,Website,29.0,3,685587.81,228529.27,791.0400000000001,288.9679049333712,3,Value-Oriented Buyers,0,0,0
C1279,Individual,M,USA,California,Home,4,Yes,Website,82.7,3,1278123.59,426041.1966666667,1366.5633333333335,313.1094319023571,3,Premium Home Buyers,1,1,0
C1280,Individual,M,USA,Texas,Home,2,Yes,Website,72.9,3,1295836.68,431945.56,1445.2933333333333,305.86676104336146,3,Premium Home Buyers,1,1,0
C1281,Individual,F,Canada,Manitoba,Investment,2,Yes,Website,27.7,3,889312.14,296437.38,899.9899999999999,318.30616978041,3,Value-Oriented Buyers,0,1,1
C1282,Individual,F,USA,Colorado,Investment,3,Yes,Agency,30.2,4,1302998.6,325749.65,1155.47,289.6247087677826,4,Value-Oriented Buyers,0,1,1
C1283,Individual,F,USA,New York,Home,3,No,Agency,81.0,4,1479050.94,369762.735,1185.59,301.009826635721,4,Premium Home Buyers,1,0,0
C1284,Individual,M,USA,California,Home,2,No,Website,70.8,4,1443865.51,360966.3775,1111.6475,317.99538178504724,4,Premium Home Buyers,1,0,0
C1285,Individual,M,USA,Utah,Home,4,Yes,Website,72.5,3,1609592.58,536530.86,1680.5266666666666,317.97700810134893,3,Premium Home Buyers,1,1,0
C1286,Individual,M,USA,California,Home,5,No,Agency,62.8,3,1203306.91,401102.3033333333,1192.5933333333332,332.2095544408267,3,Premium Home Buyers,1,0,0
C1287,Individual,F,USA,California,Investment,4,No,Website,28.1,3,843581.37,281193.79,901.6266666666668,308.4147183841683,3,Value-Oriented Buyers,0,0,1
C1288,Individual,M,Belgium,Wallonia,Home,3,No,Agency,85.6,3,971136.69,323712.23000000004,1155.4633333333334,277.8947408503251,3,Value-Oriented Buyers,0,0,0
C1289,Individual,M,Mexico,Jalisco,Investment,1,Yes,Agency,53.0,4,1076161.86,269040.465,854.58,305.854787325517,4,Value-Oriented Buyers,0,1,1
C1290,Individual,F,USA,Washington,Home,3,Yes,Website,52.8,4,1332432.91,333108.22750000004,1195.1875,270.47420585362784,4,Value-Oriented Buyers,0,1,0
C1291,Individual,M,USA,California,Investment,5,Yes,Website,42.9,3,1123403.46,374467.82,1240.6066666666666,299.60436198853193,3,Premium Home Buyers,1,1,1
C1292,Individual,M,USA,Texas,Investment,5,Yes,Website,49.2,4,1099365.94,274841.485,1000.415,274.3331774618041,4,Value-Oriented Buyers,0,1,1
C1293,Individual,F,USA,California,Home,1,No,Agency,54.6,4,1853570.08,463392.52,1552.15,298.7271183873049,4,Premium Home Buyers,1,0,0
C1294,Individual,M,Canada,Ontario,Investment,3,Yes,Agency,62.9,3,1220533.28,406844.4266666667,1371.6133333333337,297.3926954853702,3,Premium Home Buyers,1,1,1
C1295,Individual,F,USA,California,Investment,1,Yes,Website,34.3,4,1478836.57,369709.1425,1202.265,304.8354152752629,4,Premium Home Buyers,1,1,1
C1296,Individual,M,USA,Virginia,Home,1,No,Website,63.5,3,1025127.71,341709.23666666663,1089.46,311.53304235834355,3,Value-Oriented Buyers,0,0,0
C1297,Company,M,Germany,Berlin,Home,5,No,Website,43.2,3,1169866.19,389955.39666666667,1267.4066666666668,309.0064273458236,3,Premium Home Buyers,1,0,0
C1298,Individual,F,USA,California,Home,2,No,Agency,58.3,4,1571360.11,392840.0275,1276.8225,307.0306964319474,4,Premium Home Buyers,1,0,0
C1299,Individual,F,USA,California,Investment,3,No,Website,82.3,3,1296600.42,432200.14,1440.1933333333334,300.4144260558383,3,Premium Home Buyers,1,0,1
C1300,Individual,F,USA,California,Home,2,No,Website,65.2,3,1428770.88,476256.96,1451.5366666666669,327.8824297941291,3,Premium Home Buyers,1,0,0
C1301,Individual,M,USA,Virginia,Home,2,No,Agency,70.7,3,742139.88,247379.96,851.8699999999999,293.7312978586513,3,Value-Oriented Buyers,0,0,0
C1302,Individual,M,USA,Arizona,Investment,5,No,Website,30.3,4,1709532.6,427383.15,1486.3275,284.1023184671226,4,Premium Home Buyers,1,0,1
C1303,Individual,M,USA,Arizona,Home,3,Yes,Website,64.0,3,979418.98,326472.99333333335,1106.3533333333332,299.57634677232915,3,Value-Oriented Buyers,0,1,0
C1304,Individual,F,USA,California,Investment,1,No,Website,41.0,3,965747.81,321915.9366666667,1049.38,306.67764956984564,3,Value-Oriented Buyers,0,0,1
C1305,Individual,F,USA,Georgia,Home,4,No,Website,47.9,4,1034190.9,258547.725,853.07,299.27468051423875,4,Value-Oriented Buyers,0,0,0
C1306,Individual,F,USA,Washington,Home,5,No,Website,78.4,3,967094.76,322364.92,1090.7733333333333,290.93227144910253,3,Value-Oriented Buyers,0,0,0
C1307,Individual,F,USA,Colorado,Home,5,No,Agency,33.5,3,920439.02,306813.00666666665,1012.96,304.6236470594258,3,Value-Oriented Buyers,0,0,0
C1308,Individual,M,USA,California,Investment,5,No,Agency,26.4,4,1363559.13,340889.7825,1042.1975,319.931721150569,4,Value-Oriented Buyers,0,0,1
C1309,Individual,M,USA,California,Home,5,No,Website,27.2,3,1460171.41,486723.8033333334,1674.54,290.92731892630866,3,Premium Home Buyers,1,0,0
C1310,Individual,F,USA,New York,Home,5,No,Agency,71.4,4,1244334.14,311083.53500000003,1077.195,291.1520688348928,4,Value-Oriented Buyers,0,0,0
C1311,Individual,M,UK,England,Home,4,Yes,Client,86.0,3,1352275.64,450758.5466666667,1330.2166666666667,326.23548483949776,3,Premium Home Buyers,1,1,0
C1312,Individual,M,USA,New York,Home,5,No,Website,84.4,3,786877.06,262292.35333333333,801.46,329.9484675778557,3,Value-Oriented Buyers,0,0,0
C1313,Individual,F,Australia,Western Australia,Investment,3,No,Website,54.4,3,997579.61,332526.5366666667,1138.4233333333334,289.73778648242074,3,Value-Oriented Buyers,0,0,1
C1314,Individual,F,USA,Arizona,Home,3,No,Website,61.9,3,803329.23,267776.41,1037.11,261.0676098183861,3,Value-Oriented Buyers,0,0,0
C1315,Individual,M,USA,Colorado,Home,3,No,Agency,77.6,3,1066308.48,355436.16,1136.21,307.1590436536374,3,Value-Oriented Buyers,0,0,0
C1316,Individual,F,USA,Colorado,Home,2,Yes,Website,32.9,4,1238162.97,309540.7425,1052.8325,300.45395318273955,4,Value-Oriented Buyers,0,1,0
C1317,Company,M,USA,Utah,Home,2,Yes,Website,52.7,3,1315200.12,438400.04,1460.493333333333,296.2434578609861,3,Premium Home Buyers,1,1,0
C1318,Individual,M,USA,Texas,Home,1,No,Website,83.6,4,1423923.98,355980.995,1169.615,300.3757528149411,4,Premium Home Buyers,1,0,0
C1319,Individual,F,USA,Florida,Home,3,Yes,Client,72.0,4,1424704.13,356176.0325,1227.645,290.8809401794673,4,Premium Home Buyers,1,1,0
C1320,Individual,M,USA,California,Investment,1,No,Website,57.4,3,1077693.04,359231.01333333337,1129.1766666666665,323.8048741477655,3,Value-Oriented Buyers,0,0,1
C1321,Individual,M,USA,Colorado,Investment,5,No,Client,35.8,3,787847.37,262615.79,853.8133333333334,304.5698624703928,3,Value-Oriented Buyers,0,0,1
C1322,Individual,F,USA,California,Home,5,No,Agency,31.6,3,1094026.34,364675.4466666666,1255.12,292.15441842982426,3,Premium Home Buyers,1,0,0
C1323,Individual,M,USA,Utah,Home,3,No,Website,63.0,4,1180654.6,295163.65,975.4225,298.6410425683013,4,Value-Oriented Buyers,0,0,0
C1324,Individual,M,USA,Arizona,Investment,2,Yes,Agency,34.3,3,1323306.51,441102.17,1471.62,300.30225741864166,3,Premium Home Buyers,1,1,1
C1325,Individual,M,Canada,Alberta,Home,5,Yes,Agency,51.9,4,1380292.56,345073.14,1098.1675,320.3033579820976,4,Premium Home Buyers,1,1,0
C1326,Individual,M,USA,Colorado,Investment,4,No,Website,82.2,4,1489578.01,372394.5025,1239.145,300.06743547413544,4,Premium Home Buyers,1,0,1
C1327,Individual,F,USA,California,Home,4,Yes,Website,33.2,3,664017.81,221339.27,775.5666666666666,292.82933553308914,3,Value-Oriented Buyers,0,1,0
C1328,Individual,F,USA,Washington,Home,4,No,Website,70.1,4,1337283.29,334320.8225,1173.8125,284.79646614467947,4,Value-Oriented Buyers,0,0,0
C1329,Individual,M,USA,California,Investment,3,Yes,Agency,58.3,3,1041797.56,347265.85333333333,1127.15,301.08908711795453,3,Value-Oriented Buyers,0,1,1
C1330,Individual,F,USA,Colorado,Investment,2,No,Agency,51.5,4,835096.87,208774.2175,699.545,299.70040435410067,4,Value-Oriented Buyers,0,0,1
C1331,Individual,F,USA,California,Investment,1,No,Agency,40.2,3,1047958.11,349319.37,1113.29,314.860411129258,3,Value-Oriented Buyers,0,0,1
C1332,Individual,M,USA,Washington,Investment,5,Yes,Agency,30.7,3,1227353.63,409117.87666666665,1350.493333333333,305.320634007784,3,Premium Home Buyers,1,1,1
C1333,Individual,M,USA,Nevada,Investment,2,Yes,Website,38.4,4,1364310.45,341077.6125,1146.9925,293.0187295010716,4,Value-Oriented Buyers,0,1,1
C1334,Individual,F,USA,California,Home,5,Yes,Agency,61.0,4,1906641.78,476660.445,1552.15,306.4526823583849,4,Premium Home Buyers,1,1,0
C1335,Individual,F,USA,Oregon,Investment,2,Yes,Website,44.6,3,1001510.58,333836.86000000004,1070.1933333333334,306.6020443465909,3,Value-Oriented Buyers,0,1,1
C1336,Individual,F,USA,California,Home,5,No,Client,77.9,4,1371591.4,342897.85,1182.3725,294.8303500368349,4,Premium Home Buyers,1,0,0
C1337,Individual,F,USA,California,Investment,5,No,Website,72.9,4,1310989.71,327747.4275,1073.905,303.425307452761,4,Value-Oriented Buyers,0,0,1
C1338,Individual,F,USA,California,Home,2,Yes,Website,58.6,3,1096818.64,365606.2133333333,1169.0466666666669,307.751875840346,3,Value-Oriented Buyers,0,1,0
C1339,Company,M,USA,Nevada,Home,4,Yes,Website,65.5,4,1532340.63,383085.1575,1338.9,290.9089417657924,4,Premium Home Buyers,1,1,0
C1340,Company,M,USA,Colorado,Home,5,No,Website,38.2,4,1746049.93,436512.4825,1421.465,306.7401245691841,4,Premium Home Buyers,1,0,0
C1341,Individual,F,USA,Colorado,Home,5,Yes,Website,73.9,3,756694.8300000001,252231.61,952.2633333333332,270.53927769192296,3,Value-Oriented Buyers,0,1,0
C1342,Individual,F,USA,California,Home,1,Yes,Agency,62.5,3,922722.19,307574.0633333333,1003.3133333333334,307.87871084804675,3,Value-Oriented Buyers,0,1,0
C1343,Individual,F,Canada,Ontario,Home,5,No,Agency,31.4,3,1005148.64,335049.54666666663,1161.5433333333333,289.85841278382395,3,Value-Oriented Buyers,0,0,0
C1344,Individual,M,USA,Florida,Home,1,No,Agency,52.2,4,1319490.92,329872.73,1139.4675,289.83749201743683,4,Value-Oriented Buyers,0,0,0
C1345,Individual,F,USA,Texas,Home,5,No,Website,70.3,3,942467.41,314155.80333333334,1049.3066666666666,295.62836927054275,3,Value-Oriented Buyers,0,0,0
C1346,Company,F,USA,Colorado,Investment,4,No,Agency,39.4,3,1037623.39,345874.4633333334,1088.5866666666668,320.6485349916175,3,Value-Oriented Buyers,0,0,1
C1347,Individual,M,USA,Washington,Home,2,No,Client,70.5,3,1001705.48,333901.82666666666,1090.9466666666667,309.31487016254704,3,Value-Oriented Buyers,0,0,0
C1348,Individual,M,USA,Oregon,Home,4,Yes,Client,28.1,3,1021309.93,340436.6433333333,1186.05,287.7346955860514,3,Value-Oriented Buyers,0,1,0
C1349,Individual,F,USA,Virginia,Investment,3,No,Website,44.5,3,773186.34,257728.78,952.0733333333334,273.63708542091894,3,Value-Oriented Buyers,0,0,1
C1350,Individual,F,Germany,Hamburg,Home,5,No,Website,35.2,4,743296.88,185824.22,632.215,294.8533286176711,4,Value-Oriented Buyers,0,0,0
C1351,Individual,F,Australia,South Australia,Home,2,No,Client,39.1,4,1400457.41,350114.3525,1234.8075,288.6164119503805,4,Premium Home Buyers,1,0,0
C1352,Individual,M,USA,California,Home,2,Yes,Agency,37.4,3,1535963.18,511987.7266666666,1635.6233333333332,311.06421416171185,3,Premium Home Buyers,1,1,0
C1353,Individual,F,Canada,Alberta,Home,1,No,Agency,28.8,3,532598.24,177532.74666666667,564.01,308.89892717930564,3,Value-Oriented Buyers,0,0,0
C1354,Individual,M,USA,Florida,Home,5,No,Website,84.9,3,1545799.94,515266.64666666667,1685.2766666666666,301.367849241984,3,Premium Home Buyers,1,0,0
C1355,Individual,F,USA,California,Investment,2,Yes,Client,59.7,3,1245446.7799999998,415148.9266666666,1523.6933333333334,277.206870923407,3,Premium Home Buyers,1,1,1
C1356,Individual,M,USA,Oregon,Investment,4,No,Agency,32.4,3,1490237.62,496745.87333333335,1648.5966666666666,300.76576021619985,3,Premium Home Buyers,1,0,1
C1357,Individual,F,USA,California,Home,5,Yes,Website,39.6,3,1077383.54,359127.8466666667,1104.51,320.9627754281345,3,Value-Oriented Buyers,0,1,0
C1358,Individual,M,USA,Texas,Home,4,No,Agency,83.3,3,965180.83,321726.9433333333,1078.7866666666666,295.3570386561734,3,Value-Oriented Buyers,0,0,0
C1359,Individual,M,USA,Virginia,Home,3,No,Agency,51.0,4,1381335.3,345333.825,1093.05,310.61690685222595,4,Value-Oriented Buyers,0,0,0
C1360,Individual,M,USA,Virginia,Home,4,No,Agency,35.7,3,1001006.54,333668.8466666667,1111.2966666666666,299.83423564259164,3,Value-Oriented Buyers,0,0,0
C1361,Individual,F,USA,California,Home,3,No,Client,83.1,4,1529260.3,382315.075,1296.5625,298.7281182763245,4,Premium Home Buyers,1,0,0
C1362,Individual,F,USA,California,Investment,1,Yes,Agency,61.3,4,993131.84,248282.96,894.905,288.1338062523594,4,Value-Oriented Buyers,0,1,1
C1363,Individual,M,USA,Georgia,Home,5,Yes,Agency,45.3,4,1109919.36,277479.84,942.035,298.65794388005617,4,Value-Oriented Buyers,0,1,0
C1364,Individual,F,USA,California,Investment,1,No,Website,27.6,4,1201578.93,300394.7325,1120.62,267.8716477111817,4,Value-Oriented Buyers,0,0,1
C1365,Individual,F,Belgium,Brussels,Investment,5,Yes,Website,57.4,4,1443894.02,360973.505,1260.0625,288.78153177318814,4,Premium Home Buyers,1,1,1
C1366,Individual,M,USA,California,Home,1,No,Website,31.0,3,1488525.13,496175.0433333333,1678.6133333333337,295.09422620894026,3,Premium Home Buyers,1,0,0
C1367,Individual,F,Germany,Berlin,Home,2,No,Client,72.8,3,1035889.5,345296.5,1124.5,313.19543331816163,3,Value-Oriented Buyers,0,0,0
C1368,Individual,M,USA,California,Home,5,Yes,Client,78.7,4,1378979.49,344744.8725,1042.6625,324.2868164439972,4,Value-Oriented Buyers,0,1,0
C1369,Individual,M,France,Brittany,Home,4,Yes,Agency,43.1,4,1615394.12,403848.53,1338.9,303.1426698017808,4,Premium Home Buyers,1,1,0
C1370,Individual,M,USA,Colorado,Investment,1,No,Agency,61.3,4,834659.23,208664.8075,700.7825,296.83280519668,4,Value-Oriented Buyers,0,0,1
C1371,Individual,M,UK,England,Home,2,Yes,Website,37.1,4,1036681.19,259170.2975,948.835,283.828197605474,4,Value-Oriented Buyers,0,1,0
C1372,Individual,F,USA,Washington,Investment,2,No,Website,44.7,3,874872.8,291624.26666666666,1049.3066666666666,283.43809920276067,3,Value-Oriented Buyers,0,0,1
C1373,Individual,F,USA,California,Home,3,Yes,Website,33.8,3,1275663.27,425221.09,1221.6766666666665,347.7696713686618,3,Premium Home Buyers,1,1,0
C1374,Company,M,France,Ile-de-France,Home,3,Yes,Agency,36.5,3,1230590.28,410196.76,1321.5233333333333,311.0989886774999,3,Premium Home Buyers,1,1,0
C1375,Individual,F,USA,California,Investment,4,Yes,Agency,53.7,4,1097182.39,274295.59750000003,987.505,278.3924761574727,4,Value-Oriented Buyers,0,1,1
C1376,Individual,F,USA,Arizona,Investment,3,Yes,Agency,39.1,3,1272387.2999999998,424129.0999999999,1493.243333333333,283.3309734301966,3,Premium Home Buyers,1,1,1
C1377,Individual,F,USA,Utah,Investment,2,No,Website,42.4,3,828441.4099999999,276147.13666666666,862.1066666666666,323.406319351847,3,Value-Oriented Buyers,0,0,1
C1378,Individual,F,USA,California,Investment,1,No,Website,49.7,3,1399739.87,466579.9566666667,1464.8466666666666,314.37888073539654,3,Premium Home Buyers,1,0,1
C1379,Individual,M,UK,Scotland,Home,2,No,Website,55.8,3,827767.69,275922.5633333333,1077.3233333333335,253.9385363632223,3,Value-Oriented Buyers,0,0,0
C1380,Individual,M,Canada,Alberta,Investment,4,No,Website,76.8,3,1012542.18,337514.06,1052.4533333333334,321.70851505298106,3,Value-Oriented Buyers,0,0,1
C1381,Individual,M,Germany,Hesse,Home,3,Yes,Website,64.2,3,1082639.91,360879.97,1131.0966666666666,323.4200440739846,3,Value-Oriented Buyers,0,1,0
C1382,Individual,M,USA,Oregon,Home,2,No,Website,75.2,4,1176910.13,294227.5325,1024.3375,289.6867868165497,4,Value-Oriented Buyers,0,0,0
C1383,Individual,M,USA,California,Home,2,No,Agency,33.7,3,864768.8300000001,288256.2766666667,899.9899999999999,319.1447580090689,3,Value-Oriented Buyers,0,0,0
C1384,Individual,F,USA,California,Home,2,Yes,Agency,37.9,3,905480.04,301826.68,1016.7633333333332,300.22268174276223,3,Value-Oriented Buyers,0,1,0
C1385,Individual,M,USA,California,Home,1,No,Agency,80.6,3,1182983.03,394327.6766666667,1186.4366666666667,315.5606573875795,3,Premium Home Buyers,1,0,0
C1386,Individual,M,USA,Washington,Home,4,Yes,Website,79.0,3,1284366.78,428122.26,1431.79,297.0928843357579,3,Premium Home Buyers,1,1,0
C1387,Individual,M,Germany,Hamburg,Investment,4,No,Website,83.2,3,804550.47,268183.49,901.6266666666668,294.2920370958322,3,Value-Oriented Buyers,0,0,1
C1388,Individual,F,USA,Washington,Home,3,No,Website,27.3,3,1183031.06,394343.6866666667,1283.46,295.9077826970037,3,Premium Home Buyers,1,0,0
C1389,Individual,M,UK,Scotland,Home,2,No,Website,74.4,4,1742522.83,435630.7075,1282.79,332.82889280812594,4,Premium Home Buyers,1,0,0
C1390,Individual,F,USA,Nevada,Home,3,No,Website,47.1,3,906492.19,302164.0633333333,971.19,312.16237881778284,3,Value-Oriented Buyers,0,0,0
C1391,Individual,F,USA,Utah,Home,1,No,Website,52.2,4,1579627.98,394906.995,1343.6575,293.221415458873,4,Premium Home Buyers,1,0,0
C1392,Individual,M,USA,Colorado,Home,4,Yes,Agency,36.3,4,1434978.2000000002,358744.55000000005,1125.515,316.3477678989435,4,Premium Home Buyers,1,1,0
C1393,Individual,F,Mexico,Baja California,Investment,1,No,Agency,44.9,4,1187799.99,296949.9975,1027.325,300.9699791342987,4,Value-Oriented Buyers,0,0,1
C1394,Individual,F,USA,Nevada,Home,4,No,Website,49.5,4,1325404.6,331351.15,967.0,338.24849420095643,4,Value-Oriented Buyers,0,0,0
C1395,Individual,F,Canada,Alberta,Investment,4,No,Website,37.9,4,1497964.92,374491.23,1278.045,298.330563007414,4,Premium Home Buyers,1,0,1
C1396,Individual,M,Canada,Manitoba,Investment,3,Yes,Website,55.5,3,977070.12,325690.04,1075.8333333333333,299.10393131276413,3,Value-Oriented Buyers,0,1,1
C1397,Individual,F,USA,Nevada,Home,4,No,Website,42.9,4,1551369.83,387842.4575,1175.235,322.77712929203545,4,Premium Home Buyers,1,0,0
C1398,Individual,M,USA,California,Home,5,Yes,Website,59.7,3,926545.71,308848.57,1182.08,266.04769183145544,3,Value-Oriented Buyers,0,1,0
C1399,Individual,F,Canada,British Columbia,Home,5,No,Agency,48.0,4,1259614.96,314903.74,1061.1325,294.4519351741127,4,Value-Oriented Buyers,0,0,0
C1400,Individual,F,UK,Northern Ireland,Home,4,No,Client,34.8,4,1146194.54,286548.635,939.4875,305.0892113884579,4,Value-Oriented Buyers,0,0,0
C1401,Individual,F,USA,Virginia,Investment,1,No,Website,27.4,4,1223523.71,305880.9275,1005.5625,304.87269128671323,4,Value-Oriented Buyers,0,0,1
C1402,Individual,F,USA,Utah,Home,3,No,Agency,57.9,4,1394159.93,348539.9825,1132.7375,308.3155927686012,4,Premium Home Buyers,1,0,0
C1403,Individual,F,USA,Oregon,Home,2,No,Website,42.9,4,1463350.69,365837.6725,1210.7375000000002,298.7750490661728,4,Premium Home Buyers,1,0,0
C1404,Individual,F,USA,California,Home,4,No,Agency,76.1,4,1193678.04,298419.51,1024.3375,293.38581779206373,4,Value-Oriented Buyers,0,0,0
C1405,Individual,M,USA,Oregon,Home,5,No,Agency,71.0,3,1306722.36,435574.12,1438.2933333333333,300.1765985835861,3,Premium Home Buyers,1,0,0
C1406,Individual,F,USA,California,Home,3,No,Website,56.6,4,1364413.45,341103.3625,1151.61,292.83609949320567,4,Value-Oriented Buyers,0,0,0
C1407,Individual,F,USA,California,Home,1,No,Agency,70.4,4,1429717.09,357429.2725,1123.3175,321.81110918967147,4,Premium Home Buyers,1,0,0
C1408,Company,F,USA,California,Home,2,No,Agency,62.7,4,1345035.74,336258.935,1103.3025,300.25852632419776,4,Value-Oriented Buyers,0,0,0
C1409,Individual,F,USA,Oregon,Investment,2,No,Website,69.6,3,1072801.12,357600.3733333333,1117.9399999999998,319.5915234974012,3,Value-Oriented Buyers,0,0,1
C1410,Individual,F,USA,Nevada,Home,2,No,Agency,60.7,4,1439196.49,359799.1225,1164.015,307.80838722111224,4,Premium Home Buyers,1,0,0
C1411,Individual,M,USA,California,Home,2,No,Client,39.4,4,1318823.16,329705.79000000004,1099.4925,305.1111929428628,4,Value-Oriented Buyers,0,0,0
C1412,Company,F,USA,Nevada,Home,2,No,Agency,41.1,4,1498125.2,374531.3,1158.7275,319.1782560511938,4,Premium Home Buyers,1,0,0
C1413,Individual,F,USA,California,Home,4,No,Agency,57.9,4,1489065.16,372266.29,1425.7675,263.8251331821692,4,Premium Home Buyers,1,0,0
C1414,Individual,F,USA,Florida,Home,4,No,Website,51.6,4,1188718.7,297179.675,972.335,321.3830908549594,4,Value-Oriented Buyers,0,0,0
C1415,Individual,M,USA,California,Investment,1,No,Website,67.1,3,748797.26,249599.08666666667,879.3433333333332,280.4393855022754,3,Value-Oriented Buyers,0,0,1
C1416,Individual,M,USA,Oregon,Home,2,No,Agency,72.6,3,1418066.39,472688.7966666667,1452.263333333333,323.14009613968216,3,Premium Home Buyers,1,0,0
C1417,Individual,M,UK,Scotland,Home,5,No,Website,72.8,3,1023021.48,341007.16,1066.59,304.16747497947966,3,Value-Oriented Buyers,0,0,0
C1418,Individual,M,USA,Ohio,Investment,2,No,Website,72.2,3,1443234.89,481078.2966666667,1529.4633333333334,312.2167070521368,3,Premium Home Buyers,1,0,1
C1419,Individual,M,Germany,Hamburg,Investment,4,Yes,Website,55.0,4,1143605.72,285901.43,928.745,316.9954617876365,4,Value-Oriented Buyers,0,1,1
C1420,Company,M,UK,Wales,Home,5,No,Website,44.8,4,1196856.69,299214.1725,929.6975,314.74054100358313,4,Value-Oriented Buyers,0,0,0
C1421,Individual,M,USA,Colorado,Home,1,No,Website,68.7,3,938557.19,312852.39666666667,1098.0666666666666,285.13158002401656,3,Value-Oriented Buyers,0,0,0
C1422,Individual,M,USA,Florida,Investment,1,Yes,Website,71.6,4,2032565.11,508141.2775,1555.2975,325.12661754679567,4,Premium Home Buyers,1,1,1
C1423,Individual,M,UK,Northern Ireland,Home,4,Yes,Website,70.9,4,1822778.36,455694.59,1504.0975,304.2981101320444,4,Premium Home Buyers,1,1,0
C1424,Individual,F,USA,Utah,Home,2,Yes,Agency,71.7,3,1382756.57,460918.8566666667,1465.1466666666663,311.0601813697586,3,Premium Home Buyers,1,1,0
C1425,Individual,M,Belgium,Flanders,Home,3,No,Website,54.7,3,1449563.3199999998,483187.77333333326,1521.64,314.2388366836658,3,Premium Home Buyers,1,0,0
C1426,Individual,F,USA,Washington,Home,2,No,Website,62.2,4,1709098.18,427274.545,1510.65,281.3329516342789,4,Premium Home Buyers,1,0,0
C1427,Individual,F,Australia,Victoria,Home,5,No,Website,70.9,4,1378636.21,344659.0525,1184.9475,304.2647367234449,4,Premium Home Buyers,1,0,0
C1428,Individual,F,USA,Oregon,Home,4,Yes,Agency,73.2,4,1136052.54,284013.135,946.6525,303.1437065301845,4,Value-Oriented Buyers,0,1,0
C1429,Individual,M,USA,Nevada,Investment,5,No,Agency,35.6,4,1697550.01,424387.5025,1421.465,296.0390082148649,4,Premium Home Buyers,1,0,1
C1430,Individual,M,USA,Nevada,Home,4,No,Website,62.8,3,928463.2,309487.73333333334,1022.67,302.30540532128686,3,Value-Oriented Buyers,0,0,0
C1431,Individual,F,Germany,Hesse,Home,3,Yes,Website,83.6,4,1620159.73,405039.9325,1365.9450000000002,294.3109262203604,4,Premium Home Buyers,1,1,0
C1432,Individual,M,USA,Utah,Home,3,No,Agency,74.6,3,863383.74,287794.58,1033.62,280.5723045676737,3,Value-Oriented Buyers,0,0,0
C1433,Individual,M,Germany,Hamburg,Home,4,No,Website,72.7,3,1358111.0699999998,452703.69,1493.243333333333,301.8286471674962,3,Premium Home Buyers,1,0,0
C1434,Company,F,USA,California,Investment,5,No,Agency,41.1,4,1038640.05,259660.0125,894.905,280.66256486581585,4,Value-Oriented Buyers,0,0,1
C1435,Individual,M,USA,Texas,Investment,2,No,Agency,59.0,3,903765.87,301255.29,945.65,306.85415306784034,3,Value-Oriented Buyers,0,0,1
C1436,Individual,M,USA,California,Home,2,No,Website,27.9,3,969917.19,323305.73,992.22,328.2224337089137,3,Value-Oriented Buyers,0,0,0
C1437,Individual,M,USA,Arizona,Investment,5,No,Agency,29.0,4,1668948.58,417237.145,1332.2825,316.56522818730286,4,Premium Home Buyers,1,0,1
C1438,Individual,M,USA,California,Home,2,Yes,Agency,38.3,3,1255115.0,418371.6666666667,1321.503333333333,311.81769669548936,3,Premium Home Buyers,1,1,0
C1439,Individual,F,USA,Virginia,Home,2,No,Agency,25.8,3,1040682.81,346894.27,1138.4233333333334,299.2165849851361,3,Value-Oriented Buyers,0,0,0
C1440,Individual,F,USA,Colorado,Investment,2,No,Agency,74.1,3,901013.42,300337.80666666664,1010.53,312.59193529757385,3,Value-Oriented Buyers,0,0,1
C1441,Individual,F,USA,California,Investment,5,No,Website,81.0,3,1201777.78,400592.5933333333,1334.84,299.7777747390172,3,Premium Home Buyers,1,0,1
C1442,Individual,M,USA,Colorado,Home,2,Yes,Client,26.1,3,1007348.75,335782.9166666667,1110.6233333333332,297.3387751031688,3,Value-Oriented Buyers,0,1,0
C1443,Individual,F,USA,Florida,Home,2,No,Website,46.7,3,1045348.11,348449.37000000005,1072.4833333333331,312.6904479895455,3,Value-Oriented Buyers,0,0,0
C1444,Individual,M,USA,Colorado,Home,3,No,Website,45.1,3,1089631.7,363210.56666666665,1186.05,309.89794039598473,3,Value-Oriented Buyers,0,0,0
C1445,Individual,M,USA,Florida,Home,5,No,Website,38.0,4,1249138.91,312284.7275,976.9675,311.85896251718844,4,Value-Oriented Buyers,0,0,0
C1446,Individual,F,USA,Ohio,Home,4,No,Website,74.9,4,1550820.49,387705.1225,1385.6475,282.12305197898206,4,Premium Home Buyers,1,0,0
C1447,Individual,F,USA,Nevada,Investment,4,Yes,Client,54.2,4,1372408.9,343102.225,1151.37,300.8786455506568,4,Premium Home Buyers,1,1,1
C1448,Individual,M,Russia,Tatarstan,Home,1,No,Website,67.4,4,1221304.62,305326.155,984.9525,310.0261833663882,4,Value-Oriented Buyers,0,0,0
C1449,Individual,F,USA,California,Investment,5,No,Website,27.2,3,1110557.49,370185.83,1221.6766666666665,300.0280962802356,3,Premium Home Buyers,1,0,1
C1450,Individual,F,USA,Virginia,Home,5,No,Website,30.2,3,1028509.6,342836.5333333333,1037.5833333333333,330.50035181845584,3,Value-Oriented Buyers,0,0,0
C1451,Individual,F,USA,California,Home,1,No,Website,42.8,4,1529673.3199999998,382418.33,1259.875,308.9886930825248,4,Premium Home Buyers,1,0,0
C1452,Individual,F,Belgium,Wallonia,Home,3,No,Client,33.3,3,1320005.77,440001.9233333333,1487.66,295.65286266710586,3,Premium Home Buyers,1,0,0
C1453,Individual,M,USA,California,Home,2,No,Agency,45.1,3,1145044.9,381681.6333333333,1243.8233333333333,302.5763924117034,3,Premium Home Buyers,1,0,0
C1454,Individual,F,USA,California,Investment,1,No,Client,78.2,3,1188825.44,396275.14666666667,1321.503333333333,302.1319212510687,3,Premium Home Buyers,1,0,1
C1455,Individual,F,USA,Colorado,Home,3,Yes,Agency,37.2,3,985992.43,328664.1433333333,983.4266666666668,328.95864543315975,3,Value-Oriented Buyers,0,1,0
C1456,Company,F,USA,Oregon,Investment,1,Yes,Website,34.1,4,1598853.55,399713.3875,1313.38,306.4595679787559,4,Premium Home Buyers,1,1,1
C1457,Individual,F,USA,California,Home,3,Yes,Agency,77.5,4,1537205.06,384301.265,1227.17,322.5246216007684,4,Premium Home Buyers,1,1,0
C1458,Individual,M,USA,Arizona,Home,1,No,Website,75.9,3,917921.54,305973.8466666667,979.0866666666668,323.36335122868644,3,Value-Oriented Buyers,0,0,0
C1459,Individual,M,USA,Arizona,Home,5,No,Website,76.9,4,1556253.48,389063.37,1385.6475,281.76842860276616,4,Premium Home Buyers,1,0,0
C1460,Individual,F,UK,England,Home,1,Yes,Agency,54.2,4,1569390.69,392347.6725,1294.645,301.2160297680804,4,Premium Home Buyers,1,1,0
C1461,Individual,F,USA,California,Home,5,No,Website,82.6,4,1507966.87,376991.7175,1294.645,294.65289273709425,4,Premium Home Buyers,1,0,0
C1462,Individual,F,Germany,Hamburg,Investment,3,No,Agency,42.3,4,1220331.12,305082.78,956.6725,309.07038935922253,4,Value-Oriented Buyers,0,0,1
C1463,Individual,M,USA,California,Home,2,Yes,Website,82.6,4,1639044.0,409761.0,1386.5875,302.06418749892663,4,Premium Home Buyers,1,1,0
C1464,Individual,M,USA,Arizona,Home,1,No,Website,86.5,3,1094818.68,364939.56,1086.24,330.4418595121292,3,Value-Oriented Buyers,0,0,0
C1465,Individual,M,USA,Ohio,Home,3,Yes,Website,35.9,3,1312191.47,437397.1566666667,1457.8333333333333,300.5316615488964,3,Premium Home Buyers,1,1,0
C1466,Individual,F,Belgium,Flanders,Investment,2,No,Website,27.0,4,1387827.15,346956.7875,1053.27,328.1210552680937,4,Premium Home Buyers,1,0,1
C1467,Individual,F,USA,California,Home,5,No,Client,75.1,3,761353.26,253784.42,849.6366666666667,302.2165301319923,3,Value-Oriented Buyers,0,0,0
C1468,Individual,M,Canada,Manitoba,Home,3,No,Website,86.0,3,1072452.07,357484.0233333334,1185.3533333333332,294.75098457522006,3,Value-Oriented Buyers,0,0,0
C1469,Individual,M,USA,Colorado,Home,1,No,Website,56.2,3,1512121.64,504040.5466666667,1538.7766666666666,327.2079411120867,3,Premium Home Buyers,1,0,0
C1470,Individual,M,USA,Colorado,Investment,3,Yes,Agency,86.2,3,1440682.21,480227.4033333333,1590.8633333333337,304.4043350910646,3,Premium Home Buyers,1,1,1
C1471,Individual,F,UK,Northern Ireland,Home,1,Yes,Website,86.2,4,1048588.76,262147.19,801.0649999999999,331.0608088131045,4,Value-Oriented Buyers,0,1,0
C1472,Individual,M,USA,Washington,Home,1,No,Website,35.4,4,1610320.87,402580.2175,1237.1025,322.59002526256074,4,Premium Home Buyers,1,0,0
C1473,Individual,F,USA,California,Home,2,No,Agency,52.4,4,1415300.74,353825.185,1009.23,336.1945799047344,4,Premium Home Buyers,1,0,0
C1474,Individual,M,USA,Oregon,Home,3,No,Website,56.9,4,1563434.47,390858.6175,1307.3,297.3561221157097,4,Premium Home Buyers,1,0,0
C1475,Individual,M,Mexico,Jalisco,Home,4,Yes,Agency,82.5,4,1579186.25,394796.5625,1287.055,296.4368907369637,4,Premium Home Buyers,1,1,0
C1476,Individual,M,USA,Nevada,Home,1,No,Agency,26.0,4,1505369.42,376342.355,1141.225,322.5105874998143,4,Premium Home Buyers,1,0,0
C1477,Company,F,USA,California,Investment,1,No,Agency,57.9,4,1051466.92,262866.73,920.7075,281.8186828524417,4,Value-Oriented Buyers,0,0,1
C1478,Individual,F,Canada,British Columbia,Investment,1,No,Agency,67.7,3,965772.74,321924.24666666664,1082.8966666666668,306.9857194616921,3,Value-Oriented Buyers,0,0,1
C1479,Individual,M,USA,California,Investment,1,No,Website,58.4,4,1275455.51,318863.8775,1018.5225,309.7212538833377,4,Value-Oriented Buyers,0,0,1
C1480,Individual,F,USA,Virginia,Investment,3,No,Client,40.9,4,1466467.79,366616.9475,1220.42,303.07216392304974,4,Premium Home Buyers,1,0,1
C1481,Company,F,USA,Arizona,Investment,3,No,Website,42.3,4,1059700.88,264925.22000000003,901.245,302.0945395261979,4,Value-Oriented Buyers,0,0,1
C1482,Individual,F,USA,Oregon,Home,2,Yes,Website,73.5,4,1665015.1700000002,416253.7925,1312.8225,317.8228762167945,4,Premium Home Buyers,1,1,0
C1483,Individual,M,USA,Colorado,Home,3,Yes,Agency,51.6,4,1831769.62,457942.405,1486.3275,305.1133886249056,4,Premium Home Buyers,1,1,0
C1484,Individual,F,USA,Colorado,Home,3,No,Client,54.9,4,1117191.81,279297.9525,995.0275,279.1613172418742,4,Value-Oriented Buyers,0,0,0
C1485,Individual,F,USA,Washington,Investment,4,No,Website,42.1,4,1604885.52,401221.38,1350.2175,292.9816807748882,4,Premium Home Buyers,1,0,1
C1486,Individual,F,UK,Wales,Home,5,Yes,Website,30.2,3,1019385.69,339795.23,1156.5633333333333,292.8673703039761,3,Value-Oriented Buyers,0,1,0
C1487,Individual,F,USA,New York,Home,3,No,Agency,60.8,4,1553533.51,388383.3775,1294.645,297.7811731198733,4,Premium Home Buyers,1,0,0
C1488,Individual,M,USA,Florida,Investment,2,No,Website,51.1,3,1029238.79,343079.5966666667,1140.1866666666667,289.4914294540913,3,Value-Oriented Buyers,0,0,1
C1489,Individual,F,USA,Arizona,Home,5,No,Agency,75.4,3,1056549.47,352183.1566666667,1240.6066666666666,289.0081924125951,3,Value-Oriented Buyers,0,0,0
C1490,Individual,M,UK,Wales,Investment,5,Yes,Client,32.2,3,861119.76,287039.92,939.33,310.25731616493863,3,Value-Oriented Buyers,0,1,1
C1491,Individual,F,USA,Georgia,Home,4,No,Agency,28.8,4,1056750.03,264187.5075,901.245,293.3993073211121,4,Value-Oriented Buyers,0,0,0
C1492,Individual,F,Germany,Bavaria,Home,2,No,Agency,41.6,3,1309655.49,436551.83,1579.3133333333335,276.4736214807618,3,Premium Home Buyers,1,0,0
C1493,Individual,M,USA,Washington,Home,4,Yes,Agency,34.4,3,864605.61,288201.87,1037.11,289.6202277618615,3,Value-Oriented Buyers,0,1,0
C1494,Individual,M,USA,New York,Home,1,No,Client,29.9,3,913338.07,304446.0233333333,934.8733333333332,328.08146284347066,3,Value-Oriented Buyers,0,0,0
C1495,Individual,M,Denmark,Capital Region,Home,1,No,Website,34.9,4,2059292.68,514823.17,1591.4725,318.4907225562597,4,Premium Home Buyers,1,0,0
C1496,Individual,M,USA,Florida,Home,5,No,Agency,39.7,3,1119013.61,373004.5366666666,1151.5466666666669,325.3276497292432,3,Premium Home Buyers,1,0,0
C1497,Individual,M,USA,California,Investment,4,No,Agency,86.6,3,794765.34,264921.78,880.66,300.49342243566065,3,Value-Oriented Buyers,0,0,1
C1498,Individual,F,Mexico,Puebla,Investment,5,No,Website,59.4,4,1142631.83,285657.9575,889.8725000000001,319.26796185885496,4,Value-Oriented Buyers,0,0,1
C1499,Individual,F,Russia,Saint Petersburg,Home,3,Yes,Agency,29.3,3,1321905.54,440635.18,1523.6933333333334,288.32959612880296,3,Premium Home Buyers,1,1,0
C1500,Individual,F,Australia,Victoria,Home,2,No,Agency,31.4,4,1020299.92,255074.98,841.385,301.55758255718763,4,Value-Oriented Buyers,0,0,0
C1501,Individual,F,USA,Oregon,Investment,4,No,Agency,74.7,3,761279.08,253759.69333333333,851.4266666666667,293.9057419832944,3,Value-Oriented Buyers,0,0,1
C1502,Individual,F,UK,Wales,Home,5,Yes,Website,31.8,4,1045772.34,261443.085,911.0425,291.9126467750839,4,Value-Oriented Buyers,0,1,0
C1503,Company,M,USA,Arizona,Investment,5,No,Website,40.0,4,1299971.48,324992.87,1050.5725,305.76986301876855,4,Value-Oriented Buyers,0,0,1
C1504,Individual,M,USA,California,Home,4,No,Website,80.0,3,871805.96,290601.98666666663,979.0866666666668,298.2924969011381,3,Value-Oriented Buyers,0,0,0
C1505,Individual,M,USA,Virginia,Home,3,No,Agency,32.2,4,1012922.06,253230.515,799.9225,309.21948095717687,4,Value-Oriented Buyers,0,0,0
C1506,Individual,M,USA,Utah,Investment,3,No,Website,75.8,3,1010109.4,336703.13333333336,1155.4633333333334,293.17701824535834,3,Value-Oriented Buyers,0,0,1
C1507,Individual,F,USA,Florida,Home,3,No,Agency,75.4,4,1499666.44,374916.61,1220.915,296.105598799069,4,Premium Home Buyers,1,0,0
C1508,Individual,M,UK,Scotland,Home,3,No,Agency,32.4,4,965283.79,241320.9475,783.64,307.13049447062,4,Value-Oriented Buyers,0,0,0
C1509,Individual,F,USA,California,Home,3,No,Website,79.7,4,1821912.87,455478.2175,1482.5875,310.98598398910434,4,Premium Home Buyers,1,0,0
C1510,Company,M,USA,California,Home,5,No,Agency,64.6,3,804243.22,268081.0733333333,842.68,313.11786986632654,3,Value-Oriented Buyers,0,0,0
C1511,Individual,F,France,Provence,Home,2,Yes,Website,37.1,3,1093080.86,364360.2866666666,1152.6466666666668,313.13782522532307,3,Value-Oriented Buyers,0,1,0
C1512,Individual,F,USA,Nevada,Home,4,Yes,Client,71.1,4,1209056.95,302264.2375,1046.42,295.78788460472964,4,Value-Oriented Buyers,0,1,0
C1513,Individual,F,USA,Florida,Home,2,No,Website,31.0,3,1452266.37,484088.79,1538.7766666666666,314.5164445926964,3,Premium Home Buyers,1,0,0
C1514,Individual,F,USA,New York,Home,4,No,Website,40.0,3,1211908.53,403969.51,1386.32,292.4424153622393,3,Premium Home Buyers,1,0,0
C1515,Individual,F,USA,Nevada,Investment,5,No,Website,79.8,4,1433703.52,358425.88,1227.17,300.017466666214,4,Premium Home Buyers,1,0,1
C1516,Individual,F,USA,Texas,Home,4,No,Website,73.2,3,690456.91,230152.30333333332,801.46,282.5805427279085,3,Value-Oriented Buyers,0,0,0
C1517,Individual,M,USA,California,Investment,2,No,Agency,48.5,4,1328693.42,332173.355,1076.59,314.3224112026111,4,Value-Oriented Buyers,0,0,1
C1518,Individual,F,Australia,Victoria,Home,5,Yes,Agency,32.0,4,961942.88,240485.72,886.4275,271.8180164903408,4,Value-Oriented Buyers,0,1,0
C1519,Individual,M,USA,California,Home,1,No,Agency,54.0,4,1366990.13,341747.53250000003,1072.985,314.78140946293524,4,Value-Oriented Buyers,0,0,0
C1520,Individual,M,USA,Utah,Home,1,No,Website,81.3,4,1425469.02,356367.255,1187.8925,298.05669935056414,4,Premium Home Buyers,1,0,0
C1521,Individual,M,USA,Nevada,Home,4,No,Agency,52.6,3,913579.41,304526.47,1032.28,296.9488921952655,3,Value-Oriented Buyers,0,0,0
C1522,Individual,F,USA,Washington,Home,5,No,Website,61.9,4,1598304.98,399576.245,1378.985,291.99700032189105,4,Premium Home Buyers,1,0,0
C1523,Company,M,Australia,Victoria,Investment,3,No,Website,45.1,4,1652083.92,413020.98,1334.8775,308.4287730196221,4,Premium Home Buyers,1,0,1
C1524,Individual,M,USA,Virginia,Home,2,No,Client,59.1,4,1434208.3,358552.075,1164.015,310.18224336622586,4,Premium Home Buyers,1,0,0
C1525,Individual,M,USA,California,Home,1,No,Agency,67.0,3,1336757.18,445585.7266666666,1511.63,290.9902327776977,3,Premium Home Buyers,1,0,0
C1526,Individual,F,USA,California,Home,3,No,Website,70.3,3,1429330.15,476443.3833333333,1600.9133333333332,298.8037586643884,3,Premium Home Buyers,1,0,0
C1527,Individual,F,USA,California,Home,1,No,Agency,37.2,3,993447.06,331149.02,1200.35,276.3289525019986,3,Value-Oriented Buyers,0,0,0
C1528,Individual,F,Germany,Hamburg,Home,1,Yes,Website,29.5,3,1058452.68,352817.56,1125.17,305.66475837574933,3,Value-Oriented Buyers,0,1,0
C1529,Company,M,USA,California,Home,4,No,Website,37.3,4,1614522.9,403630.725,1350.98,300.44911294307315,4,Premium Home Buyers,1,0,0
C1530,Individual,F,USA,California,Home,2,No,Website,37.7,3,1011087.75,337029.25,1107.81,308.5928380611333,3,Value-Oriented Buyers,0,0,0
C1531,Individual,M,France,Brittany,Investment,2,No,Website,62.4,4,1272471.05,318117.7625,1065.415,297.9391163758428,4,Value-Oriented Buyers,0,0,1
C1532,Individual,F,USA,Texas,Home,3,Yes,Website,27.9,4,1446462.79,361615.6975,1164.015,309.902778608621,4,Premium Home Buyers,1,1,0
C1533,Individual,M,Canada,British Columbia,Home,4,No,Agency,38.3,4,1019127.09,254781.7725,727.265,344.0324786280804,4,Value-Oriented Buyers,0,0,0
C1534,Individual,F,USA,California,Home,4,Yes,Website,30.0,3,1195359.88,398453.2933333333,1303.4733333333334,303.7760930844024,3,Premium Home Buyers,1,1,0
C1535,Individual,M,UK,England,Investment,3,No,Agency,32.4,4,1967005.46,491751.365,1591.4725,311.3057429808408,4,Premium Home Buyers,1,0,1
C1536,Individual,F,USA,Washington,Home,3,No,Website,44.3,3,1076884.84,358961.61333333334,1050.6433333333332,326.4196675634502,3,Value-Oriented Buyers,0,0,0
C1537,Individual,F,USA,Arizona,Home,5,No,Website,27.3,3,1637300.41,545766.8033333333,1579.3133333333335,345.4049857254848,3,Premium Home Buyers,1,0,0
C1538,Individual,F,USA,California,Investment,5,No,Website,79.1,3,775544.78,258514.92666666667,941.38,285.75111611160736,3,Value-Oriented Buyers,0,0,1
C1539,Individual,M,USA,Nevada,Home,1,No,Agency,29.2,3,811448.36,270482.7866666667,995.51,272.5672214691155,3,Value-Oriented Buyers,0,0,0
C1540,Individual,M,USA,California,Home,2,Yes,Client,69.5,3,842510.7,280836.9,908.2333333333332,315.45532732347186,3,Value-Oriented Buyers,0,1,0
C1541,Individual,M,USA,California,Home,2,No,Website,61.7,4,1173616.46,293404.115,995.0275,304.45242557540735,4,Value-Oriented Buyers,0,0,0
C1542,Individual,M,USA,Nevada,Home,1,Yes,Website,37.0,3,1261648.92,420549.64,1356.746666666667,310.20797336558843,3,Premium Home Buyers,1,1,0
C1543,Individual,F,USA,New York,Investment,3,No,Agency,70.8,3,1199490.31,399830.1033333333,1267.4066666666668,308.065002319388,3,Premium Home Buyers,1,0,1
C1544,Individual,F,Russia,Tatarstan,Home,3,No,Website,79.3,3,1551623.3,517207.76666666666,1679.1066666666666,305.8955791098728,3,Premium Home Buyers,1,0,0
C1545,Individual,F,USA,California,Investment,1,Yes,Website,33.7,3,1101811.15,367270.3833333333,1254.503333333333,292.4366170207845,3,Premium Home Buyers,1,1,1
C1546,Individual,F,Mexico,Puebla,Home,4,Yes,Agency,60.2,4,1161022.51,290255.6275,874.9925000000001,330.28443786484144,4,Value-Oriented Buyers,0,1,0
C1547,Individual,F,USA,Florida,Home,2,Yes,Agency,51.4,4,1199337.46,299834.365,997.415,312.4852459330545,4,Value-Oriented Buyers,0,1,0
C1548,Company,M,USA,California,Home,2,Yes,Website,58.6,3,615223.03,205074.34333333332,678.9699999999999,303.2522718940264,3,Value-Oriented Buyers,0,1,0
C1549,Individual,M,Mexico,Nuevo Leon,Home,4,No,Client,65.2,3,837044.35,279014.7833333333,983.4266666666668,287.3216267134631,3,Value-Oriented Buyers,0,0,0
C1550,Individual,M,USA,California,Home,2,No,Agency,28.6,4,1368767.79,342191.9475,1164.015,287.565972329854,4,Value-Oriented Buyers,0,0,0
C1551,Individual,M,USA,California,Home,2,No,Agency,35.2,3,1252240.69,417413.5633333333,1438.2933333333333,290.61329911843484,3,Premium Home Buyers,1,0,0
C1552,Individual,M,USA,California,Investment,2,Yes,Agency,79.3,4,1356450.7000000002,339112.67500000005,1074.0525,305.497304095097,4,Value-Oriented Buyers,0,1,1
C1553,Company,M,USA,Utah,Home,4,No,Agency,36.4,3,979536.36,326512.12,1038.7166666666667,307.509144213996,3,Value-Oriented Buyers,0,0,0
C1554,Individual,M,Germany,Bavaria,Home,1,No,Website,28.4,3,742034.24,247344.74666666667,678.9699999999999,362.2549695266313,3,Value-Oriented Buyers,0,0,0
C1555,Individual,F,UK,England,Home,5,No,Website,80.3,4,1233852.38,308463.095,1012.5575,310.779300285579,4,Value-Oriented Buyers,0,0,0
C1556,Individual,F,USA,Colorado,Investment,2,No,Agency,43.7,4,1215734.71,303933.6775,1020.3875,299.72891706328323,4,Value-Oriented Buyers,0,0,1
C1557,Individual,F,USA,New York,Home,2,Yes,Website,84.4,3,955054.18,318351.3933333333,1072.4833333333331,294.1136841749192,3,Value-Oriented Buyers,0,1,0
C1558,Individual,M,Mexico,Baja California,Home,4,No,Website,81.7,3,1482069.56,494023.1866666667,1680.5266666666666,299.1675367344344,3,Premium Home Buyers,1,0,0
C1559,Individual,F,UK,England,Home,2,No,Website,51.4,3,1345808.87,448602.9566666667,1445.2933333333333,315.20816215083465,3,Premium Home Buyers,1,0,0
C1560,Individual,F,USA,California,Home,4,Yes,Client,86.1,3,1052677.5699999998,350892.52333333326,1148.0433333333333,307.1745356188394,3,Value-Oriented Buyers,0,1,0
C1561,Individual,M,Mexico,Nuevo Leon,Investment,5,No,Agency,62.3,3,1135294.51,378431.50333333336,1193.7733333333333,299.7772032381946,3,Premium Home Buyers,1,0,1
C1562,Individual,F,USA,California,Home,4,No,Client,39.3,3,1179775.32,393258.44,1268.0466666666669,309.6229604953476,3,Premium Home Buyers,1,0,0
C1563,Individual,F,USA,Utah,Home,5,No,Website,39.1,3,979729.05,326576.35000000003,1090.7733333333333,300.0323390816546,3,Value-Oriented Buyers,0,0,0
C1564,Individual,M,USA,Washington,Investment,5,No,Website,62.2,3,1595925.43,531975.1433333333,1635.6233333333332,325.39871252771144,3,Premium Home Buyers,1,0,1
C1565,Individual,M,Mexico,Jalisco,Home,4,No,Agency,46.0,4,1140899.22,285224.805,994.0725,289.9594939432932,4,Value-Oriented Buyers,0,0,0
C1566,Individual,M,USA,California,Home,3,No,Website,31.6,4,1450240.65,362560.1625,1175.235,310.60744607284084,4,Premium Home Buyers,1,0,0
C1567,Individual,M,USA,Georgia,Home,4,No,Client,48.8,4,1594452.62,398613.155,1276.9875,305.98391049575355,4,Premium Home Buyers,1,0,0
C1568,Individual,F,USA,California,Home,5,No,Website,36.2,3,1373808.09,457936.03,1357.1933333333334,327.3085017325855,3,Premium Home Buyers,1,0,0
C1569,Individual,F,USA,California,Investment,1,Yes,Website,33.3,3,1175242.5499999998,391747.5166666666,1258.29,308.3884812829846,3,Premium Home Buyers,1,1,1
C1570,Individual,F,USA,Ohio,Home,5,No,Website,62.6,4,1469638.4,367409.6,1333.5625,280.4146436360922,4,Premium Home Buyers,1,0,0
C1571,Individual,M,USA,California,Home,2,No,Website,48.4,4,1243439.96,310859.99,1092.085,293.49738857779414,4,Value-Oriented Buyers,0,0,0
C1572,Individual,M,Australia,Queensland,Home,3,No,Agency,65.8,4,886149.52,221537.38,748.33,294.4365760502225,4,Value-Oriented Buyers,0,0,0
C1573,Individual,F,USA,California,Home,1,No,Website,80.1,4,1175839.94,293959.985,1059.9375,278.8009064436627,4,Value-Oriented Buyers,0,0,0
C1574,Individual,M,USA,California,Home,4,No,Website,42.0,3,1195224.9,398408.3,1255.6333333333334,316.0873099894978,3,Premium Home Buyers,1,0,0
C1575,Individual,M,USA,California,Home,2,No,Website,25.6,4,1395067.16,348766.79000000004,1158.7275,305.25216854782985,4,Premium Home Buyers,1,0,0
C1576,Individual,F,USA,Nevada,Investment,3,Yes,Website,48.9,4,1359536.24,339884.06,1098.1675,306.08915956124895,4,Value-Oriented Buyers,0,1,1
C1577,Individual,M,Germany,Bavaria,Home,3,No,Website,43.5,3,1427933.58,475977.86,1471.9,323.10748399926587,3,Premium Home Buyers,1,0,0
C1578,Individual,M,USA,California,Investment,2,No,Website,29.7,3,765431.01,255143.67,934.8733333333332,282.062208343019,3,Value-Oriented Buyers,0,0,1
C1579,Individual,M,USA,Arizona,Investment,4,No,Website,81.4,4,1101753.59,275438.3975,952.0525,292.06020743088715,4,Value-Oriented Buyers,0,0,1
C1580,Individual,M,USA,Georgia,Investment,1,Yes,Website,29.2,4,1008834.66,252208.665,872.2,287.0755193206537,4,Value-Oriented Buyers,0,1,1
C1581,Individual,M,USA,California,Investment,1,No,Website,76.0,3,1123364.22,374454.74,1023.9266666666666,357.732901316442,3,Value-Oriented Buyers,0,0,1
C1582,Individual,M,France,Ile-de-France,Home,4,Yes,Client,71.0,3,1030269.01,343423.00333333336,1050.08,324.03923388426136,3,Value-Oriented Buyers,0,1,0
C1583,Individual,M,USA,California,Home,2,No,Agency,58.4,4,1378030.61,344507.6525,1170.135,293.70298451981887,4,Premium Home Buyers,1,0,0
C1584,Company,M,France,Brittany,Investment,1,Yes,Website,40.7,3,1199226.44,399742.14666666667,1361.743333333333,297.4015978107676,3,Premium Home Buyers,1,1,1
C1585,Individual,M,Canada,Ontario,Home,5,No,Website,65.8,4,1480011.91,370002.9775,1276.8225,287.5295107115782,4,Premium Home Buyers,1,0,0
C1586,Individual,F,Germany,Berlin,Home,3,No,Website,59.6,3,1116579.83,372193.2766666667,1224.68,304.21063616367974,3,Premium Home Buyers,1,0,0
C1587,Individual,M,Canada,Quebec,Investment,4,Yes,Agency,83.5,3,743057.13,247685.71,850.2466666666668,307.0055131205591,3,Value-Oriented Buyers,0,1,1
C1588,Individual,F,USA,Utah,Investment,5,No,Website,45.8,3,957201.31,319067.10333333333,1104.51,290.99480765900927,3,Value-Oriented Buyers,0,0,1
C1589,Individual,F,USA,California,Investment,4,No,Agency,72.7,3,1380536.7000000002,460178.9000000001,1396.87,326.88357150381245,3,Premium Home Buyers,1,0,1
C1590,Company,F,USA,Oregon,Home,1,No,Website,47.1,4,1470403.6,367600.9,1228.8325,306.1386614218441,4,Premium Home Buyers,1,0,0
C1591,Individual,F,USA,California,Investment,4,No,Website,55.0,4,1676312.98,419078.245,1341.715,310.2898916332747,4,Premium Home Buyers,1,0,1
C1592,Individual,F,USA,Texas,Investment,2,Yes,Agency,51.6,4,878452.1900000001,219613.0475,735.11,301.1331267993108,4,Value-Oriented Buyers,0,1,1
C1593,Individual,M,USA,California,Home,1,No,Website,51.3,4,825960.49,206490.1225,666.135,308.0334425012127,4,Value-Oriented Buyers,0,0,0
C1594,Individual,F,USA,Colorado,Home,2,No,Agency,56.8,4,1522994.53,380748.6325,1259.875,308.15008878732624,4,Premium Home Buyers,1,0,0
C1595,Individual,M,USA,California,Home,5,No,Website,71.0,4,1310147.86,327536.965,1186.5225,270.48297453077066,4,Value-Oriented Buyers,0,0,0
C1596,Individual,M,Germany,Berlin,Investment,4,No,Website,46.8,3,1642954.44,547651.48,1649.26,327.48681876192137,3,Premium Home Buyers,1,0,1
C1597,Individual,F,USA,Nevada,Investment,4,Yes,Website,76.6,4,1155778.2,288944.55,947.7475,309.7769964537744,4,Value-Oriented Buyers,0,1,1
C1598,Individual,F,USA,Georgia,Home,4,Yes,Agency,86.1,3,1163931.67,387977.2233333333,1310.3966666666663,302.64497644154613,3,Premium Home Buyers,1,1,0
C1599,Individual,F,USA,Virginia,Investment,5,Yes,Website,45.7,3,1321031.17,440343.7233333333,1337.1733333333334,327.5128011231716,3,Premium Home Buyers,1,1,1
C1600,Individual,F,Belgium,Wallonia,Home,5,No,Website,58.5,4,1237164.36,309291.09,984.6475,311.8608239736384,4,Value-Oriented Buyers,0,0,0
C1601,Individual,F,Russia,Krasnodar Krai,Home,3,No,Website,30.0,3,829078.01,276359.33666666667,913.67,306.2574828055878,3,Value-Oriented Buyers,0,0,0
C1602,Individual,M,USA,Nevada,Investment,4,No,Website,40.6,4,1676863.99,419215.9975,1425.28,291.5466597840417,4,Premium Home Buyers,1,0,1
C1603,Individual,F,UK,England,Home,5,No,Website,64.1,4,1077719.71,269429.9275,976.205,285.3103160528668,4,Value-Oriented Buyers,0,0,0
C1604,Individual,M,USA,Texas,Home,4,No,Website,76.8,3,1050264.24,350088.08,1243.8233333333333,281.0677239742809,3,Value-Oriented Buyers,0,0,0
C1605,Individual,M,UK,England,Investment,4,Yes,Website,27.6,4,1170783.34,292695.835,874.9925000000001,319.0141615698714,4,Value-Oriented Buyers,0,1,1
C1606,Individual,M,USA,Washington,Home,1,Yes,Agency,61.4,3,917562.71,305854.23666666663,1033.4833333333331,296.21256645107843,3,Value-Oriented Buyers,0,1,0
C1607,Individual,F,USA,California,Home,3,No,Agency,62.8,3,829294.5700000001,276431.5233333334,927.6066666666666,296.7432544232949,3,Value-Oriented Buyers,0,0,0
C1608,Individual,F,UK,England,Home,4,Yes,Website,26.7,3,1431381.65,477127.2166666666,1447.82,318.6186053663929,3,Premium Home Buyers,1,1,0
C1609,Individual,M,USA,California,Investment,2,No,Website,62.5,3,804844.43,268281.4766666667,900.46,302.98484474395883,3,Value-Oriented Buyers,0,0,1
C1610,Individual,M,USA,California,Investment,3,No,Website,59.4,4,1249167.74,312291.935,1114.2125,281.88491641647727,4,Value-Oriented Buyers,0,0,1
C1611,Individual,F,USA,Nevada,Investment,4,No,Website,51.5,4,1072189.52,268047.38,842.75,318.72574313352214,4,Value-Oriented Buyers,0,0,1
C1612,Individual,M,USA,California,Home,1,No,Agency,36.5,3,766554.56,255518.18666666668,839.1433333333334,301.79361324466817,3,Value-Oriented Buyers,0,0,0
C1613,Individual,M,Denmark,Southern Denmark,Home,2,Yes,Agency,28.0,4,1608368.22,402092.055,1400.6975,285.83805783579203,4,Premium Home Buyers,1,1,0
C1614,Individual,F,USA,Utah,Investment,4,No,Website,58.2,3,822155.05,274051.68333333335,1059.3466666666666,265.13804678166275,3,Value-Oriented Buyers,0,0,1
C1615,Individual,M,USA,Utah,Home,5,No,Agency,63.6,3,857125.52,285708.50666666665,903.87,318.9650942104338,3,Value-Oriented Buyers,0,0,0
C1616,Individual,M,UK,Wales,Investment,5,Yes,Website,35.6,4,1344053.71,336013.4275,1128.1275,300.6690718381523,4,Value-Oriented Buyers,0,1,1
C1617,Individual,F,USA,California,Home,3,No,Website,73.9,3,776005.5,258668.5,839.1433333333334,306.0345124559622,3,Value-Oriented Buyers,0,0,0
C1618,Individual,F,USA,Washington,Home,2,Yes,Website,63.7,4,1356655.6800000002,339163.92000000004,1103.3025,305.84533933956607,4,Value-Oriented Buyers,0,1,0
C1619,Individual,M,Belgium,Wallonia,Home,2,No,Website,73.8,4,1390206.46,347551.615,1164.015,306.81861857078025,4,Premium Home Buyers,1,0,0
C1620,Individual,M,USA,California,Home,1,Yes,Website,82.1,3,788250.3500000001,262750.1166666667,979.0866666666668,276.5540874771977,3,Value-Oriented Buyers,0,1,0
C1621,Individual,M,USA,Oregon,Investment,2,No,Agency,72.2,3,739739.97,246579.99,973.09,262.4596448949508,3,Value-Oriented Buyers,0,0,1
C1622,Individual,F,USA,Oregon,Home,1,Yes,Website,65.6,3,1054193.36,351397.7866666666,1107.81,324.9236151283461,3,Value-Oriented Buyers,0,1,0
C1623,Individual,F,USA,Oregon,Home,4,No,Website,31.7,3,1060233.46,353411.1533333333,1111.2966666666666,322.43591302473806,3,Value-Oriented Buyers,0,0,0
C1624,Individual,F,USA,California,Home,4,Yes,Website,75.4,4,1943363.94,485840.985,1602.67,299.2323404404552,4,Premium Home Buyers,1,1,0
C1625,Individual,M,Australia,Western Australia,Home,4,No,Agency,26.4,3,910587.85,303529.2833333333,1094.84,269.2712820091999,3,Value-Oriented Buyers,0,0,0
C1626,Individual,F,France,Provence,Home,2,Yes,Website,56.5,3,1225657.22,408552.4066666667,1464.8466666666666,283.59441515040004,3,Premium Home Buyers,1,1,0
C1627,Individual,M,USA,California,Investment,1,No,Website,53.0,3,1275226.77,425075.59,1527.8633333333337,277.9167267676937,3,Premium Home Buyers,1,0,1
C1628,Company,F,France,Normandy,Home,4,Yes,Website,32.8,3,800299.08,266766.36,842.73,316.4399549919405,3,Value-Oriented Buyers,0,1,0
C1629,Individual,F,USA,Utah,Home,5,No,Agency,70.0,3,789150.05,263050.01666666666,1008.13,271.7214831133702,3,Value-Oriented Buyers,0,0,0
C1630,Company,F,USA,Virginia,Investment,1,Yes,Website,32.2,3,1206881.92,402293.9733333333,1338.1466666666668,305.7239374313957,3,Premium Home Buyers,1,1,1
C1631,Individual,F,UK,Northern Ireland,Home,5,No,Website,59.7,4,1683720.2,420930.05,1267.07,333.5418488054143,4,Premium Home Buyers,1,0,0
C1632,Individual,F,USA,California,Investment,3,Yes,Agency,62.7,4,1425130.6800000002,356282.67000000004,1152.755,301.8546499940673,4,Premium Home Buyers,1,1,1
C1633,Individual,F,Canada,Ontario,Home,2,No,Website,49.4,3,847190.3300000001,282396.7766666667,976.8166666666666,293.5120375119832,3,Value-Oriented Buyers,0,0,0
C1634,Individual,F,USA,Georgia,Investment,2,No,Website,81.8,4,1044217.01,261054.2525,872.2,304.9102859128011,4,Value-Oriented Buyers,0,0,1
C1635,Individual,M,France,Brittany,Home,1,No,Website,78.3,4,1104480.44,276120.11,919.7425,295.3117964886556,4,Value-Oriented Buyers,0,0,0
C1636,Company,F,USA,Arizona,Home,5,Yes,Website,38.9,3,1171439.72,390479.9066666667,1308.513333333333,303.63142787938614,3,Premium Home Buyers,1,1,0
C1637,Individual,M,Mexico,Nuevo Leon,Home,5,No,Agency,56.8,3,1333020.46,444340.1533333333,1525.18,286.7193277193805,3,Premium Home Buyers,1,0,0
C1638,Individual,F,France,Occitanie,Investment,1,Yes,Agency,47.7,3,1047895.71,349298.57,1175.6833333333334,301.0714138870657,3,Value-Oriented Buyers,0,1,1
C1639,Individual,M,USA,Colorado,Home,1,No,Website,82.9,4,1088561.44,272140.36,975.4225,281.2842270450914,4,Value-Oriented Buyers,0,0,0
C1640,Individual,F,USA,California,Home,1,Yes,Website,60.3,4,1172146.65,293036.6625,1047.99,282.7997611329393,4,Value-Oriented Buyers,0,1,0
C1641,Individual,M,USA,Utah,Home,1,No,Agency,54.5,4,1898878.08,474719.52,1504.0975,313.3291322575891,4,Premium Home Buyers,1,0,0
C1642,Individual,F,Canada,British Columbia,Home,5,No,Website,45.1,4,1441785.62,360446.405,1167.16,297.334731836774,4,Premium Home Buyers,1,0,0
C1643,Individual,M,France,Ile-de-France,Home,4,No,Agency,47.9,3,1182889.92,394296.64,1468.6933333333334,265.16695724291304,3,Premium Home Buyers,1,0,0
C1644,Individual,F,USA,California,Home,1,No,Client,82.1,4,1312822.17,328205.5425,1024.3375,317.46041081837075,4,Value-Oriented Buyers,0,0,0
C1645,Individual,F,Australia,New South Wales,Investment,1,No,Website,31.0,4,1503973.21,375993.3025,1238.115,303.70310749731755,4,Premium Home Buyers,1,0,1
C1646,Individual,M,USA,Washington,Investment,4,Yes,Agency,27.8,3,972186.46,324062.1533333333,1052.4533333333334,307.88169303743933,3,Value-Oriented Buyers,0,1,1
C1647,Individual,M,USA,Ohio,Home,4,Yes,Agency,80.7,3,1316368.95,438789.65,1471.9,299.05409997104294,3,Premium Home Buyers,1,1,0
C1648,Individual,F,Australia,New South Wales,Home,3,No,Website,76.9,3,1282946.7,427648.9,1476.9433333333334,288.7778845100586,3,Premium Home Buyers,1,0,0
C1649,Individual,F,USA,Oregon,Home,4,Yes,Agency,44.5,4,1540887.81,385221.9525,1254.045,311.1054526164346,4,Premium Home Buyers,1,1,0
C1650,Individual,M,USA,Washington,Investment,2,No,Website,57.6,3,1065238.5,355079.5,1057.95,324.96413199998216,3,Value-Oriented Buyers,0,0,1
C1651,Individual,M,USA,California,Investment,4,No,Website,80.7,3,962066.42,320688.80666666664,880.66,360.4368684454,3,Value-Oriented Buyers,0,0,1
C1652,Individual,M,USA,Nevada,Investment,4,Yes,Client,62.6,3,1078933.8,359644.60000000003,1168.3833333333334,304.82777574872546,3,Value-Oriented Buyers,0,1,1
C1653,Individual,F,USA,Colorado,Investment,4,Yes,Website,52.5,4,957106.48,239276.62,860.9325,281.1811658250624,4,Value-Oriented Buyers,0,1,1
C1654,Individual,F,USA,California,Home,1,No,Website,58.3,4,1250065.38,312516.34500000003,951.6375,323.5165817147669,4,Value-Oriented Buyers,0,0,0
C1655,Individual,F,USA,Texas,Investment,2,No,Website,61.2,3,974749.8,324916.60000000003,1088.5866666666668,300.4113056393208,3,Value-Oriented Buyers,0,0,1
C1656,Individual,M,Belgium,Wallonia,Investment,4,Yes,Website,35.3,4,1401657.84,350414.46,1182.3725,289.62293653298065,4,Premium Home Buyers,1,1,1
C1657,Individual,M,USA,California,Home,2,No,Website,68.2,4,1316624.69,329156.1725,1023.9675,321.1115919129062,4,Value-Oriented Buyers,0,0,0
C1658,Individual,M,USA,California,Home,5,No,Agency,56.1,4,1243178.6,310794.65,984.12,320.1370625802807,4,Value-Oriented Buyers,0,0,0
C1659,Individual,M,Denmark,Zealand,Home,4,No,Website,80.3,4,1576416.87,394104.2175,1307.3,301.7876767541033,4,Premium Home Buyers,1,0,0
C1660,Individual,M,USA,Nevada,Home,4,Yes,Website,86.3,4,1330046.48,332511.62,1068.57,310.73477975168214,4,Value-Oriented Buyers,0,1,0
C1661,Individual,M,USA,Washington,Home,4,No,Agency,51.0,3,1511063.27,503687.75666666665,1599.3433333333332,314.9340105075308,3,Premium Home Buyers,1,0,0
C1662,Individual,M,Russia,Tatarstan,Home,4,No,Website,59.2,4,1505862.74,376465.685,1320.35,285.37035996288023,4,Premium Home Buyers,1,0,0
C1663,Individual,M,USA,Colorado,Investment,3,No,Agency,49.2,3,926064.21,308688.07,1042.71,292.3087106115556,3,Value-Oriented Buyers,0,0,1
C1664,Individual,F,France,Occitanie,Investment,5,No,Agency,57.0,3,1390001.73,463333.91,1445.2933333333333,332.6023263940588,3,Premium Home Buyers,1,0,1
C1665,Individual,M,USA,Arizona,Home,5,No,Website,30.7,4,966971.19,241742.7975,827.2,294.3926755337411,4,Value-Oriented Buyers,0,0,0
C1666,Individual,F,USA,Ohio,Home,2,No,Website,64.0,3,706503.5900000001,235501.19666666668,736.0433333333334,319.24500925247025,3,Value-Oriented Buyers,0,0,0
C1667,Individual,F,USA,California,Investment,4,No,Agency,58.7,3,831811.52,277270.50666666665,862.11,321.57952434932054,3,Value-Oriented Buyers,0,0,1
C1668,Individual,M,Australia,Victoria,Home,5,No,Website,68.7,4,1046863.21,261715.8025,872.2,307.7397747029087,4,Value-Oriented Buyers,0,0,0
C1669,Individual,M,Canada,Alberta,Investment,3,Yes,Agency,66.1,4,948271.34,237067.835,837.5225,284.230321631763,4,Value-Oriented Buyers,0,1,1
C1670,Individual,F,USA,Colorado,Home,3,Yes,Website,55.9,4,1356021.03,339005.2575,1076.59,312.6568888586028,4,Value-Oriented Buyers,0,1,0
C1671,Individual,F,USA,California,Home,3,No,Agency,77.9,4,1329236.75,332309.1875,1120.62,288.7153700965629,4,Value-Oriented Buyers,0,0,0
C1672,Individual,F,USA,Nevada,Investment,4,No,Website,51.9,3,728363.1699999999,242787.7233333333,889.9166666666666,276.4154515498197,3,Value-Oriented Buyers,0,0,1
C1673,Individual,F,USA,Washington,Home,1,Yes,Website,34.4,4,1803634.76,450908.69,1422.9925,310.9460331246886,4,Premium Home Buyers,1,1,0
C1674,Individual,F,USA,California,Home,5,Yes,Website,84.6,4,1614623.53,403655.8825,1268.7075,319.73468147134105,4,Premium Home Buyers,1,1,0
C1675,Individual,F,Canada,Alberta,Investment,5,No,Website,41.0,3,918037.68,306012.56,1012.96,298.41753618416203,3,Value-Oriented Buyers,0,0,1
C1676,Individual,F,USA,Washington,Home,2,No,Website,26.9,4,1251637.0,312909.25,1019.1225,308.950924981104,4,Value-Oriented Buyers,0,0,0
C1677,Individual,M,USA,Texas,Home,1,Yes,Website,61.6,3,942915.18,314305.06,975.9433333333332,324.63653231730336,3,Value-Oriented Buyers,0,1,0
C1678,Individual,M,USA,California,Home,1,Yes,Agency,65.2,3,1377654.29,459218.0966666667,1650.4733333333334,277.8971589619036,3,Premium Home Buyers,1,1,0
C1679,Individual,F,USA,Nevada,Investment,4,No,Website,40.4,3,1194618.9,398206.3,1268.0466666666669,302.3682114511598,3,Premium Home Buyers,1,0,1
C1680,Individual,F,USA,California,Investment,4,No,Agency,26.9,3,665078.77,221692.9233333333,692.13,322.26527070857014,3,Value-Oriented Buyers,0,0,1
C1681,Individual,M,USA,Oregon,Home,3,Yes,Client,65.0,4,1408304.94,352076.235,1156.7625,302.14952941529555,4,Premium Home Buyers,1,1,0
C1682,Individual,F,USA,Nevada,Home,2,No,Website,38.8,4,1469905.41,367476.3525,1257.0925,301.3156548240538,4,Premium Home Buyers,1,0,0
C1683,Individual,F,USA,Oregon,Investment,1,No,Client,26.7,4,1410114.6,352528.65,1144.74,303.8628075737084,4,Premium Home Buyers,1,0,1
C1684,Individual,F,USA,Colorado,Investment,4,No,Website,49.6,4,1109440.17,277360.0425,883.4825000000001,311.62255236789474,4,Value-Oriented Buyers,0,0,1
C1685,Individual,F,USA,California,Home,5,No,Agency,49.2,3,1109623.75,369874.5833333333,1274.52,290.4557343966067,3,Premium Home Buyers,1,0,0
C1686,Individual,M,USA,California,Investment,2,Yes,Agency,49.5,4,1214377.82,303594.455,1073.905,278.523494239301,4,Value-Oriented Buyers,0,1,1
C1687,Individual,M,USA,California,Home,4,Yes,Website,59.2,4,1026117.62,256529.405,935.37,286.70853217155127,4,Value-Oriented Buyers,0,1,0
C1688,Individual,F,USA,Oregon,Home,5,No,Client,30.3,3,1314384.27,438128.09,1281.9566666666667,343.9541576576939,3,Premium Home Buyers,1,0,0
C1689,Individual,F,USA,Oregon,Investment,1,Yes,Client,41.5,3,896100.8,298700.26666666666,973.09,310.7623308696199,3,Value-Oriented Buyers,0,1,1
C1690,Individual,M,Denmark,North Denmark,Home,2,Yes,Agency,75.0,3,1662639.06,554213.02,1754.9366666666667,316.11518008644987,3,Premium Home Buyers,1,1,0
C1691,Individual,M,USA,Arizona,Home,5,No,Website,80.4,4,1212731.6,303182.9,984.9525,304.6012430367134,4,Value-Oriented Buyers,0,0,0
C1692,Individual,M,Canada,Ontario,Home,5,Yes,Agency,35.0,4,1165619.91,291404.97750000004,984.9525,292.5648538941497,4,Value-Oriented Buyers,0,1,0
C1693,Individual,M,Belgium,Flanders,Home,1,No,Website,35.7,4,1557035.08,389258.77,1342.1525,290.03931532577434,4,Premium Home Buyers,1,0,0
C1694,Individual,F,USA,Virginia,Home,5,No,Agency,69.1,4,1457395.73,364348.9325,1202.695,302.1616200824728,4,Premium Home Buyers,1,0,0
C1695,Individual,F,Belgium,Flanders,Home,5,No,Website,70.7,3,975866.19,325288.73,1111.2966666666666,294.023074241983,3,Value-Oriented Buyers,0,0,0
C1696,Individual,F,USA,Florida,Home,1,No,Website,39.5,4,1316025.35,329006.3375,1092.085,305.0634382600898,4,Value-Oriented Buyers,0,0,0
C1697,Individual,F,Belgium,Brussels,Home,2,No,Client,46.1,4,802813.26,200703.315,700.7825,287.30900099510274,4,Value-Oriented Buyers,0,0,0
C1698,Individual,M,UK,Northern Ireland,Home,4,Yes,Website,76.3,3,764529.97,254843.32333333333,901.6266666666668,302.7039435252766,3,Value-Oriented Buyers,0,1,0
C1699,Individual,M,Australia,Western Australia,Home,3,Yes,Agency,57.1,4,1161971.24,290492.81,946.6525,313.0342206759192,4,Value-Oriented Buyers,0,1,0
C1700,Individual,M,USA,Nevada,Home,3,No,Website,83.3,4,1293648.37,323412.0925,1050.5725,303.08159632381387,4,Value-Oriented Buyers,0,0,0
C1701,Individual,F,USA,Arizona,Home,1,No,Website,44.1,3,916043.72,305347.9066666667,979.0866666666668,311.0266003046787,3,Value-Oriented Buyers,0,0,0
C1702,Individual,M,USA,Washington,Investment,5,Yes,Website,36.4,3,1259181.49,419727.1633333333,1477.03,285.1389583831844,3,Premium Home Buyers,1,1,1
C1703,Individual,M,USA,Texas,Investment,4,No,Agency,27.0,3,868665.77,289555.25666666665,980.87,295.0443316591397,3,Value-Oriented Buyers,0,0,1
C1704,Individual,F,Denmark,Capital Region,Home,4,No,Agency,63.5,3,1131490.64,377163.5466666667,1251.25,306.1192528290906,3,Premium Home Buyers,1,0,0
C1705,Individual,M,USA,Virginia,Investment,3,Yes,Website,46.7,3,1031987.68,343995.8933333333,1049.3066666666666,330.6228903297424,3,Value-Oriented Buyers,0,1,1
C1706,Individual,M,USA,California,Home,3,Yes,Website,50.2,4,1417221.48,354305.37,1128.9675,312.54350431448387,4,Premium Home Buyers,1,1,0
C1707,Individual,M,USA,Georgia,Home,1,Yes,Website,52.9,3,770609.62,256869.8733333333,899.7566666666667,285.6765073879488,3,Value-Oriented Buyers,0,1,0
C1708,Individual,F,Germany,Hesse,Home,1,Yes,Agency,40.2,3,854426.52,284808.84,897.3100000000001,317.17739036916583,3,Value-Oriented Buyers,0,1,0
C1709,Individual,F,USA,Arizona,Investment,3,No,Agency,79.9,3,1336416.16,445472.0533333334,1513.17,296.7134929184651,3,Premium Home Buyers,1,0,1
C1710,Individual,M,Canada,Alberta,Investment,2,Yes,Website,69.2,3,1027918.12,342639.3733333333,1156.0800000000002,299.5343200974216,3,Value-Oriented Buyers,0,1,1
C1711,Individual,F,USA,California,Investment,3,Yes,Website,45.0,4,1015613.11,253903.2775,836.9425,301.6297150025923,4,Value-Oriented Buyers,0,1,1
C1712,Individual,M,France,Occitanie,Home,5,No,Website,55.4,4,1280242.15,320060.5375,1102.08,284.99082648560284,4,Value-Oriented Buyers,0,0,0
C1713,Individual,F,USA,Oregon,Home,1,No,Website,45.0,4,1401670.4500000002,350417.61250000005,1186.5225,299.5828557316812,4,Premium Home Buyers,1,0,0
C1714,Individual,M,USA,Colorado,Home,3,No,Website,78.3,4,1054289.58,263572.395,823.6625,317.55619033461386,4,Value-Oriented Buyers,0,0,0
C1715,Individual,F,USA,Florida,Home,3,Yes,Agency,63.3,4,987214.18,246803.545,900.39,278.10999869222815,4,Value-Oriented Buyers,0,1,0
C1716,Individual,F,USA,California,Home,1,No,Website,45.8,3,1027286.48,342428.82666666666,1129.1766666666665,305.4102943450733,3,Value-Oriented Buyers,0,0,0
C1717,Individual,F,USA,California,Home,4,Yes,Website,84.6,3,915606.07,305202.0233333334,980.87,314.2243881035072,3,Value-Oriented Buyers,0,1,0
C1718,Individual,F,USA,California,Home,1,No,Website,31.2,4,1362121.47,340530.3675,1150.74,292.8885679581756,4,Value-Oriented Buyers,0,0,0
C1719,Company,M,USA,Florida,Home,2,No,Agency,65.8,3,1178759.88,392919.96,1263.8633333333337,306.424004419429,3,Premium Home Buyers,1,0,0
C1720,Individual,F,USA,California,Home,5,Yes,Website,29.8,4,1396671.77,349167.9425,1122.0925,297.0329485289227,4,Premium Home Buyers,1,1,0
C1721,Individual,M,USA,Nevada,Home,2,No,Agency,39.8,4,1282729.71,320682.4275,1034.0675,312.34045324566085,4,Value-Oriented Buyers,0,0,0
C1722,Individual,F,USA,Nevada,Home,3,No,Website,43.7,4,1676365.72,419091.43,1307.3,316.41776276322054,4,Premium Home Buyers,1,0,0
C1723,Individual,F,Canada,Quebec,Home,2,Yes,Agency,28.5,4,1084602.42,271150.605,900.39,302.1917680151976,4,Value-Oriented Buyers,0,1,0
C1724,Individual,M,USA,Virginia,Home,4,No,Website,70.1,4,1646338.36,411584.59,1358.9675,303.2320621348912,4,Premium Home Buyers,1,0,0
C1725,Individual,F,USA,Nevada,Home,3,Yes,Website,66.7,4,1352500.23,338125.0575,1167.3975,287.4406613645518,4,Value-Oriented Buyers,0,1,0
C1726,Individual,F,UK,Northern Ireland,Home,3,No,Website,78.0,3,1141107.24,380369.08,1193.7733333333333,313.2034401726428,3,Premium Home Buyers,1,0,0
C1727,Individual,F,USA,New York,Home,3,No,Website,81.2,4,1563834.42,390958.605,1210.7375,320.6079556484317,4,Premium Home Buyers,1,0,0
C1728,Individual,F,USA,Oregon,Home,3,Yes,Client,82.0,4,1436312.58,359078.145,1225.265,295.6569757995166,4,Premium Home Buyers,1,1,0
C1729,Individual,M,Canada,British Columbia,Home,3,Yes,Website,71.1,3,956356.54,318785.51333333337,1090.7733333333333,294.2767649787167,3,Value-Oriented Buyers,0,1,0
C1730,Individual,M,Mexico,Puebla,Investment,5,Yes,Agency,46.7,3,796432.48,265477.49333333335,922.69,304.429764768141,3,Value-Oriented Buyers,0,1,1
C1731,Individual,M,USA,California,Home,4,Yes,Website,54.6,4,1172220.11,293055.0275,966.56,302.3180812885299,4,Value-Oriented Buyers,0,1,0
C1732,Individual,F,Canada,Alberta,Investment,2,No,Agency,56.1,3,1551003.84,517001.28,1654.4733333333334,310.37843214645176,3,Premium Home Buyers,1,0,1
C1733,Individual,F,USA,California,Home,3,Yes,Agency,78.3,4,1179975.09,294993.7725,1009.9325,294.50705713935673,4,Value-Oriented Buyers,0,1,0
C1734,Individual,M,USA,California,Home,5,No,Website,51.6,3,1078504.94,359501.64666666667,1254.503333333333,287.62689520148655,3,Value-Oriented Buyers,0,0,0
C1735,Individual,F,USA,Utah,Investment,3,No,Website,57.1,3,1139995.98,379998.66,1258.4,302.8156642584218,3,Premium Home Buyers,1,0,1
C1736,Individual,F,USA,California,Investment,4,Yes,Website,36.9,4,1482243.88,370560.97,1122.0925,328.14439261830523,4,Premium Home Buyers,1,1,1
C1737,Individual,F,USA,California,Investment,3,No,Website,33.6,3,1060946.57,353648.8566666667,1090.7733333333333,314.2633334681182,3,Value-Oriented Buyers,0,0,1
C1738,Individual,F,USA,California,Home,5,No,Website,49.5,3,861195.69,287065.23,1016.7633333333332,282.88587837123106,3,Value-Oriented Buyers,0,0,0
C1739,Individual,M,Russia,Novosibirsk,Investment,3,Yes,Website,41.5,4,998344.48,249586.12,872.2,288.33520145178574,4,Value-Oriented Buyers,0,1,1
C1740,Individual,F,USA,California,Home,5,Yes,Website,74.9,4,1439013.34,359753.335,1164.015,307.0593540082527,4,Premium Home Buyers,1,1,0
C1741,Individual,M,USA,Virginia,Home,5,No,Website,50.3,4,1310713.04,327678.26,1140.38,286.45206726248955,4,Value-Oriented Buyers,0,0,0
C1742,Company,F,USA,California,Home,5,No,Agency,38.0,3,1177856.21,392618.7366666666,1431.79,274.7544256022332,3,Premium Home Buyers,1,0,0
C1743,Individual,F,Belgium,Flanders,Home,1,No,Client,80.0,3,839069.28,279689.76,881.7833333333333,319.0075732434343,3,Value-Oriented Buyers,0,0,0
C1744,Individual,M,Russia,Krasnodar Krai,Investment,1,No,Website,64.7,4,1320002.42,330000.605,1092.085,301.5117315139141,4,Value-Oriented Buyers,0,0,1
C1745,Individual,F,USA,California,Home,1,No,Website,50.1,3,1261495.5,420498.5,1487.66,280.7719039409577,3,Premium Home Buyers,1,0,0
C1746,Individual,F,Belgium,Flanders,Home,3,No,Website,67.2,3,793835.85,264611.95,874.19,302.9506099231338,3,Value-Oriented Buyers,0,0,0
C1747,Individual,M,USA,Colorado,Home,5,No,Client,61.5,3,1016661.44,338887.14666666667,1059.15,317.6114204798318,3,Value-Oriented Buyers,0,0,0
C1748,Individual,M,USA,California,Home,4,Yes,Website,75.7,3,1112272.46,370757.4866666666,1274.52,280.4257829967007,3,Premium Home Buyers,1,1,0
C1749,Individual,M,USA,California,Home,3,No,Website,70.2,3,832665.62,277555.20666666667,862.1066666666666,318.0841354769656,3,Value-Oriented Buyers,0,0,0
C1750,Company,M,USA,Colorado,Home,3,No,Website,34.7,4,1497163.73,374290.9325,1150.2,319.1962965144884,4,Premium Home Buyers,1,0,0
C1751,Individual,F,USA,Ohio,Home,5,No,Website,71.5,4,873120.47,218280.1175,700.7825,313.9507915163995,4,Value-Oriented Buyers,0,0,0
C1752,Individual,M,USA,California,Investment,1,Yes,Website,46.2,3,1119600.47,373200.1566666667,1152.5966666666666,325.0645982282876,3,Premium Home Buyers,1,1,1
C1753,Individual,M,USA,Georgia,Investment,3,Yes,Website,80.6,3,770077.48,256692.4933333333,964.2666666666668,271.92747710239416,3,Value-Oriented Buyers,0,1,1
C1754,Individual,M,USA,Virginia,Home,2,Yes,Website,30.7,3,1361555.24,453851.7466666666,1471.9,308.51221790292374,3,Premium Home Buyers,1,1,0
C1755,Individual,M,USA,Nevada,Home,1,Yes,Website,28.0,3,672116.9199999999,224038.9733333333,776.2433333333333,291.2794061361219,3,Value-Oriented Buyers,0,1,0
C1756,Individual,M,USA,Utah,Home,1,No,Website,36.4,4,1481404.39,370351.0975,1146.015,316.9999275497431,4,Premium Home Buyers,1,0,0
C1757,Individual,M,Germany,Bavaria,Home,3,No,Client,41.6,3,1125366.62,375122.2066666667,1182.08,312.9002365862627,3,Premium Home Buyers,1,0,0
C1758,Individual,M,USA,Oregon,Investment,4,Yes,Agency,41.6,4,1006481.18,251620.295,801.065,322.22479406959104,4,Value-Oriented Buyers,0,1,1
C1759,Individual,M,USA,California,Investment,1,No,Website,51.8,4,1031917.22,257979.305,831.47,305.59196385787004,4,Value-Oriented Buyers,0,0,1
C1760,Individual,F,Belgium,Brussels,Home,2,No,Website,51.1,4,1454358.32,363589.58,1265.3825,283.6825652988262,4,Premium Home Buyers,1,0,0
C1761,Individual,M,USA,Washington,Home,1,No,Website,71.0,4,1181772.43,295443.1075,972.335,302.57946679209863,4,Value-Oriented Buyers,0,0,0
C1762,Individual,M,USA,Virginia,Home,1,No,Website,62.6,3,1023352.22,341117.4066666667,1090.9466666666667,317.2323805797633,3,Value-Oriented Buyers,0,0,0
C1763,Individual,F,USA,New York,Home,3,No,Website,71.7,4,1789381.67,447345.4175,1374.585,323.51236718050524,4,Premium Home Buyers,1,0,0
C1764,Individual,F,USA,Nevada,Home,2,No,Agency,80.3,4,1668335.18,417083.795,1338.9,304.35156626894207,4,Premium Home Buyers,1,0,0
C1765,Individual,F,USA,Colorado,Home,1,Yes,Client,29.6,4,1734167.51,433541.8775,1577.2325,272.3827064407109,4,Premium Home Buyers,1,1,0
C1766,Individual,F,USA,California,Home,4,No,Website,33.3,4,1371247.08,342811.77,1071.3925,314.1224940840367,4,Value-Oriented Buyers,0,0,0
C1767,Individual,M,USA,Colorado,Home,3,No,Website,48.2,4,1455838.91,363959.7275,1123.3175,306.3034005727021,4,Premium Home Buyers,1,0,0
C1768,Individual,F,Russia,Saint Petersburg,Home,4,No,Website,83.6,4,985105.21,246276.3025,834.6575,293.20516626979685,4,Value-Oriented Buyers,0,0,0
C1769,Company,M,USA,Oregon,Home,1,Yes,Client,40.8,3,985909.0,328636.3333333333,1101.55,302.27654056799446,3,Value-Oriented Buyers,0,1,0
C1770,Individual,F,USA,Washington,Home,1,Yes,Agency,80.7,3,1334771.42,444923.8066666666,1469.18,298.87729104255703,3,Premium Home Buyers,1,1,0
C1771,Company,M,USA,Georgia,Home,3,Yes,Client,51.1,3,1280895.97,426965.3233333333,1435.6633333333332,295.46912109968395,3,Premium Home Buyers,1,1,0
C1772,Company,F,Canada,Alberta,Investment,5,Yes,Agency,51.6,4,1105281.92,276320.48,1015.8675,278.3857397379068,4,Value-Oriented Buyers,0,1,1
C1773,Individual,M,USA,Nevada,Investment,3,Yes,Agency,45.6,4,1284141.19,321035.2975,984.6475,325.8423022286609,4,Value-Oriented Buyers,0,1,1
C1774,Individual,M,USA,Oregon,Home,4,No,Agency,41.6,4,1169335.49,292333.8725,1008.6625,291.8123075460439,4,Value-Oriented Buyers,0,0,0
C1775,Individual,F,USA,California,Home,3,No,Agency,56.1,4,1414776.99,353694.2475,1102.9725,325.9516616098468,4,Premium Home Buyers,1,0,0
C1776,Individual,F,France,Occitanie,Home,1,No,Website,53.6,3,1071718.4,357239.4666666666,1196.1733333333334,298.9628579482607,3,Value-Oriented Buyers,0,0,0
C1777,Individual,M,USA,California,Investment,5,No,Client,51.9,3,784629.95,261543.31666666665,900.46,290.7881392369621,3,Value-Oriented Buyers,0,0,1
C1778,Individual,M,USA,Georgia,Investment,4,Yes,Website,31.9,3,1216664.8199999998,405554.94,1339.73,297.1536000293384,3,Premium Home Buyers,1,1,1
C1779,Individual,F,USA,California,Home,5,No,Client,47.3,4,1563236.5499999998,390809.1375,1287.1,302.2992150315001,4,Premium Home Buyers,1,0,0
C1780,Individual,M,USA,Utah,Investment,1,No,Website,70.2,4,1735557.15,433889.2875,1341.715,324.7138363032643,4,Premium Home Buyers,1,0,1
C1781,Individual,F,USA,California,Home,4,No,Website,58.0,4,1383316.42,345829.105,1164.015,300.51273846670455,4,Premium Home Buyers,1,0,0
C1782,Individual,F,UK,England,Investment,1,No,Website,27.3,4,897646.55,224411.6375,783.64,284.9976118493869,4,Value-Oriented Buyers,0,0,1
C1783,Individual,M,USA,California,Home,3,No,Website,72.1,4,1136482.92,284120.73,883.805,330.2320419811449,4,Value-Oriented Buyers,0,0,0
C1784,Individual,M,Australia,Western Australia,Home,3,No,Client,28.5,4,1352274.53,338068.6325,1106.8725,306.34558660520224,4,Value-Oriented Buyers,0,0,0
C1785,Individual,F,USA,Colorado,Home,1,Yes,Website,70.5,3,1006568.23,335522.74333333335,1156.5633333333333,291.7071689510819,3,Value-Oriented Buyers,0,1,0
C1786,Individual,M,USA,California,Home,1,No,Website,31.1,4,1247095.22,311773.805,1102.2725,277.7613651797197,4,Value-Oriented Buyers,0,0,0
C1787,Individual,M,USA,Georgia,Investment,5,No,Agency,70.9,4,1289585.42,322396.355,1029.38,314.4113206013629,4,Value-Oriented Buyers,0,0,1
C1788,Individual,M,USA,California,Home,3,No,Website,36.8,3,1116876.81,372292.27,1155.6966666666667,322.3499808871125,3,Premium Home Buyers,1,0,0
C1789,Individual,M,USA,Colorado,Home,5,Yes,Agency,44.0,3,1359605.1,453201.7,1526.9566666666667,297.83922033386045,3,Premium Home Buyers,1,1,0
C1790,Individual,M,USA,Nevada,Investment,5,No,Client,86.5,4,1335521.08,333880.27,1159.9675,287.0574200531774,4,Value-Oriented Buyers,0,0,1
C1791,Individual,M,USA,California,Home,5,No,Agency,60.3,3,894512.8,298170.93333333335,1050.08,285.4724789523243,3,Value-Oriented Buyers,0,0,0
C1792,Individual,M,USA,California,Home,3,No,Agency,31.2,4,1948563.24,487140.81,1676.3825,290.7922848843788,4,Premium Home Buyers,1,0,0
C1793,Individual,M,USA,Utah,Investment,1,No,Website,57.3,4,1317525.03,329381.2575,1102.08,302.79931340675995,4,Value-Oriented Buyers,0,0,1
C1794,Individual,M,USA,Colorado,Home,3,No,Website,30.6,4,1378476.06,344619.015,1137.5875,302.2283992400325,4,Premium Home Buyers,1,0,0
C1795,Individual,M,USA,California,Home,5,Yes,Website,81.6,4,1058019.94,264504.985,827.2,325.4415127559826,4,Value-Oriented Buyers,0,1,0
C1796,Individual,F,USA,California,Investment,5,Yes,Client,75.9,3,1158919.94,386306.64666666667,1286.4833333333331,299.6012291668504,3,Premium Home Buyers,1,1,1
C1797,Individual,F,USA,Oregon,Home,3,Yes,Website,69.5,3,910545.92,303515.30666666664,1033.62,292.6838090524448,3,Value-Oriented Buyers,0,1,0
C1798,Individual,M,USA,Arizona,Investment,1,Yes,Website,59.8,4,1601121.79,400280.4475,1263.96,314.52479270080266,4,Premium Home Buyers,1,1,1
C1799,Individual,F,USA,Colorado,Home,5,No,Agency,75.8,4,1022792.49,255698.1225,823.6625,314.8843044123972,4,Value-Oriented Buyers,0,0,0
C1800,Individual,M,USA,Oregon,Home,1,No,Client,82.3,3,1120963.1,373654.3666666667,1301.65,287.48156579033383,3,Premium Home Buyers,1,0,0
C1801,Individual,M,USA,California,Home,5,Yes,Website,62.0,3,1473065.73,491021.91,1422.97,335.5054034878483,3,Premium Home Buyers,1,1,0
C1802,Individual,M,USA,Nevada,Investment,1,No,Client,78.4,4,1155979.49,288994.8725,1011.5875,284.6408296351134,4,Value-Oriented Buyers,0,0,1
C1803,Individual,F,Canada,Quebec,Investment,5,No,Agency,39.3,3,1329728.19,443242.73,1443.9800000000002,296.73639690932816,3,Premium Home Buyers,1,0,1
C1804,Individual,M,USA,California,Home,1,No,Website,37.4,4,1735376.55,433844.1375,1504.0975,294.59474870934474,4,Premium Home Buyers,1,0,0
C1805,Individual,M,UK,Northern Ireland,Investment,3,No,Website,72.9,4,1871670.17,467917.5425,1699.3675,274.5583113333789,4,Premium Home Buyers,1,0,1
C1806,Individual,F,Australia,New South Wales,Investment,2,No,Agency,59.3,3,974821.86,324940.62,1049.3066666666666,310.9547917052066,3,Value-Oriented Buyers,0,0,1
C1807,Individual,F,France,Brittany,Home,5,No,Website,69.3,3,1520931.78,506977.26,1469.18,336.904490203922,3,Premium Home Buyers,1,0,0
C1808,Individual,F,USA,Washington,Investment,2,No,Client,36.0,4,1102931.4500000002,275732.86250000005,989.46,275.0300830047724,4,Value-Oriented Buyers,0,0,1
C1809,Individual,F,USA,New York,Home,4,Yes,Agency,45.4,4,1221253.05,305313.2625,1104.2925,275.91790171076855,4,Value-Oriented Buyers,0,1,0
C1810,Individual,F,USA,Texas,Home,3,No,Agency,81.2,3,991862.87,330620.95666666667,1138.4233333333334,289.8803714824016,3,Value-Oriented Buyers,0,0,0
C1811,Individual,F,USA,California,Home,3,Yes,Agency,68.5,4,1189519.9,297379.975,1029.73,279.68631786678856,4,Value-Oriented Buyers,0,1,0
C1812,Individual,M,France,Provence,Home,5,Yes,Website,49.3,4,1080880.0,270220.0,955.7625,284.0094878917518,4,Value-Oriented Buyers,0,1,0
C1813,Individual,M,Germany,Hamburg,Investment,3,Yes,Website,79.5,4,1552316.39,388079.0975,1294.645,297.9877712623852,4,Premium Home Buyers,1,1,1
C1814,Individual,M,Denmark,North Denmark,Home,2,No,Website,39.1,4,1303261.99,325815.4975,1153.0825,291.25373939607886,4,Value-Oriented Buyers,0,0,0
C1815,Individual,M,USA,California,Home,5,No,Agency,77.4,4,1182628.3,295657.075,942.035,309.16670569592696,4,Value-Oriented Buyers,0,0,0
C1816,Individual,M,Canada,Quebec,Home,2,No,Website,64.0,4,1078876.87,269719.2175,909.9825,299.8918878099619,4,Value-Oriented Buyers,0,0,0
C1817,Individual,F,USA,Virginia,Home,1,No,Agency,82.0,3,1240667.65,413555.8833333333,1412.0199999999998,293.9952639783983,3,Premium Home Buyers,1,0,0
C1818,Individual,F,USA,Washington,Investment,5,Yes,Website,32.0,3,814797.06,271599.02,851.4266666666667,321.24848229261744,3,Value-Oriented Buyers,0,1,1
C1819,Individual,M,Russia,Krasnodar Krai,Home,1,No,Website,62.8,3,1067644.33,355881.44333333336,1339.746666666667,275.26370950498614,3,Premium Home Buyers,1,0,0
C1820,Individual,M,France,Provence,Home,3,No,Website,47.0,4,970434.94,242608.735,840.8725,289.7308523537098,4,Value-Oriented Buyers,0,0,0
C1821,Individual,M,USA,Nevada,Home,5,No,Website,81.8,4,1733692.62,433423.155,1244.8049999999998,331.43544369681666,4,Premium Home Buyers,1,0,0
C1822,Individual,M,USA,Oregon,Investment,5,Yes,Website,30.5,4,1388147.75,347036.9375,1184.81,288.3381292900038,4,Premium Home Buyers,1,1,1
C1823,Individual,M,USA,Oregon,Home,4,Yes,Website,58.8,3,993925.86,331308.62,994.8266666666668,327.58227901123,3,Value-Oriented Buyers,0,1,0
C1824,Individual,M,USA,California,Home,3,No,Website,64.3,4,945036.97,236259.2425,857.7574999999999,279.2520615686099,4,Value-Oriented Buyers,0,0,0
C1825,Individual,M,Mexico,Nuevo Leon,Home,2,No,Agency,69.6,4,948769.93,237192.4825,802.7125,293.8418882146923,4,Value-Oriented Buyers,0,0,0
C1826,Individual,M,USA,Ohio,Home,4,No,Client,75.0,4,1300035.21,325008.8025,1159.5325,289.81592388158737,4,Value-Oriented Buyers,0,0,0
C1827,Individual,M,USA,New York,Home,5,Yes,Website,53.5,4,1221529.77,305382.4425,988.7175,313.9255352450057,4,Value-Oriented Buyers,0,1,0
C1828,Individual,M,USA,California,Investment,2,Yes,Website,34.7,4,1199213.25,299803.3125,1114.2125,263.61066520219583,4,Value-Oriented Buyers,0,1,1
C1829,Individual,F,USA,California,Home,5,Yes,Agency,29.1,3,1194095.83,398031.94333333336,1394.21,278.39431821791953,3,Premium Home Buyers,1,1,0
C1830,Individual,F,USA,Arizona,Home,3,No,Website,67.4,3,1363309.64,454436.5466666666,1487.66,308.02315948220024,3,Premium Home Buyers,1,0,0
C1831,Individual,F,Russia,Tatarstan,Home,3,No,Website,75.9,4,1004720.27,251180.0675,972.335,269.497746172995,4,Value-Oriented Buyers,0,0,0
C1832,Individual,M,USA,Oregon,Investment,1,Yes,Website,39.3,4,1282390.94,320597.735,1103.3225,287.7519015558204,4,Value-Oriented Buyers,0,1,1
C1833,Individual,F,USA,Arizona,Investment,1,Yes,Website,78.6,3,1132086.83,377362.2766666667,1357.1933333333334,281.5891153188497,3,Premium Home Buyers,1,1,1
C1834,Individual,M,Belgium,Flanders,Investment,5,No,Agency,63.4,4,1222274.6,305568.65,948.835,312.80920843529015,4,Value-Oriented Buyers,0,0,1
C1835,Individual,F,Canada,Alberta,Investment,4,Yes,Agency,66.8,3,739211.6,246403.86666666667,849.7466666666668,292.10214886966304,3,Value-Oriented Buyers,0,1,1
C1836,Individual,F,USA,California,Investment,1,Yes,Website,66.0,4,1213775.31,303443.8275,958.755,317.842120270775,4,Value-Oriented Buyers,0,1,1
C1837,Individual,F,USA,California,Home,2,Yes,Client,76.2,4,1507583.69,376895.9225,1333.2775,280.81643575663736,4,Premium Home Buyers,1,1,0
C1838,Individual,F,Canada,Alberta,Investment,1,No,Agency,61.6,4,1266344.58,316586.145,1030.83,307.26439916892457,4,Value-Oriented Buyers,0,0,1
C1839,Individual,M,USA,California,Investment,2,No,Agency,83.6,4,967894.54,241973.635,821.355,301.5423171724958,4,Value-Oriented Buyers,0,0,1
C1840,Individual,M,UK,England,Investment,3,No,Website,40.1,3,911506.03,303835.3433333333,1064.7333333333331,288.0371183831599,3,Value-Oriented Buyers,0,0,1
C1841,Individual,M,USA,New York,Home,4,No,Website,79.2,4,1612088.13,403022.0325,1374.585,294.13284970553457,4,Premium Home Buyers,1,0,0
C1842,Company,M,Canada,Alberta,Home,3,Yes,Agency,48.0,3,1252827.37,417609.12333333335,1407.513333333333,291.5150863648168,3,Premium Home Buyers,1,1,0
C1843,Individual,M,Germany,Hesse,Home,4,No,Website,74.1,4,1487849.65,371962.4125,1218.84,300.64812304710256,4,Premium Home Buyers,1,0,0
C1844,Individual,F,USA,Ohio,Home,1,No,Agency,48.1,4,1033138.51,258284.6275,837.88,308.4891948132694,4,Value-Oriented Buyers,0,0,0
C1845,Individual,M,USA,California,Investment,1,Yes,Website,76.8,3,889124.6799999999,296374.8933333333,972.0533333333332,295.979751299768,3,Value-Oriented Buyers,0,1,1
C1846,Individual,F,Russia,Novosibirsk,Home,5,Yes,Agency,40.8,3,886017.55,295339.18333333335,980.87,301.0895663169484,3,Value-Oriented Buyers,0,1,0
C1847,Individual,M,USA,Utah,Home,4,No,Website,74.6,4,1080850.85,270212.7125,859.7125,311.06984916449545,4,Value-Oriented Buyers,0,0,0
C1848,Individual,F,USA,California,Home,2,No,Website,33.1,4,1595352.82,398838.205,1295.0975,298.85086965793244,4,Premium Home Buyers,1,0,0
C1849,Individual,M,Canada,Alberta,Investment,3,Yes,Website,50.5,3,1019239.08,339746.36,1016.7633333333332,332.84745044626635,3,Value-Oriented Buyers,0,1,1
C1850,Individual,M,USA,New York,Investment,5,Yes,Agency,55.0,4,1380990.75,345247.6875,1176.685,298.90027318374314,4,Premium Home Buyers,1,1,1
C1851,Individual,F,UK,England,Home,3,Yes,Agency,72.0,4,1552543.97,388135.9925,1153.5575,335.220018759133,4,Premium Home Buyers,1,1,0
C1852,Individual,F,USA,Virginia,Home,4,No,Website,28.7,3,1674072.07,558024.0233333333,1733.68,320.95336086570444,3,Premium Home Buyers,1,0,0
C1853,Individual,F,USA,Virginia,Investment,4,No,Website,77.5,4,1207329.15,301832.2875,1012.5575,299.91970675822904,4,Value-Oriented Buyers,0,0,1
C1854,Company,M,France,Ile-de-France,Investment,1,No,Client,66.4,4,1387997.02,346999.255,1104.2925,307.65371721743344,4,Value-Oriented Buyers,0,0,1
C1855,Individual,F,USA,California,Home,2,Yes,Website,42.1,4,1117305.86,279326.465,874.6275,320.3709796508413,4,Value-Oriented Buyers,0,1,0
C1856,Company,M,USA,Virginia,Home,2,No,Website,32.2,3,1216231.4300000002,405410.47666666674,1334.1,300.48980345043714,3,Premium Home Buyers,1,0,0
C1857,Individual,M,USA,California,Investment,2,Yes,Website,39.4,3,919814.94,306604.98,932.37,325.48860323286766,3,Value-Oriented Buyers,0,1,1
C1858,Individual,F,USA,Colorado,Home,5,No,Website,68.3,3,1161958.29,387319.43,1267.5866666666668,305.6106982283693,3,Premium Home Buyers,1,0,0
C1859,Individual,M,USA,California,Home,5,Yes,Client,82.7,4,1087561.59,271890.3975,862.28,315.9731628366316,4,Value-Oriented Buyers,0,1,0
C1860,Company,F,USA,California,Home,4,Yes,Agency,56.1,4,1661197.49,415299.3725,1338.9,311.29869389814894,4,Premium Home Buyers,1,1,0
C1861,Individual,M,USA,California,Investment,3,Yes,Website,44.0,4,1475178.95,368794.7375,1239.9025,303.89052393748204,4,Premium Home Buyers,1,1,1
C1862,Individual,M,USA,California,Home,1,Yes,Website,73.0,3,988771.17,329590.39,1076.69,320.3830117364399,3,Value-Oriented Buyers,0,1,0
C1863,Individual,F,UK,Scotland,Home,3,No,Website,78.4,4,1281313.02,320328.255,1039.19,301.87406662875065,4,Value-Oriented Buyers,0,0,0
C1864,Individual,F,USA,New York,Home,5,Yes,Website,54.3,4,1131730.6,282932.65,1027.325,273.31171023381694,4,Value-Oriented Buyers,0,1,0
C1865,Individual,M,USA,Arizona,Investment,4,No,Website,51.8,3,1092253.24,364084.4133333333,1196.1733333333334,317.1911285000062,3,Premium Home Buyers,1,0,1
C1866,Individual,F,USA,Nevada,Home,2,No,Agency,55.0,4,1620195.43,405048.8575,1380.26,291.3135821755026,4,Premium Home Buyers,1,0,0
C1867,Individual,M,USA,California,Home,2,Yes,Website,74.6,3,761781.8,253927.2666666667,791.0400000000001,315.9512275240281,3,Value-Oriented Buyers,0,1,0
C1868,Individual,F,UK,Wales,Home,1,No,Website,50.7,4,1469394.43,367348.6075,1198.3725,310.72532744383216,4,Premium Home Buyers,1,0,0
C1869,Individual,F,Mexico,Nuevo Leon,Home,5,No,Client,51.3,4,1335399.36,333849.84,1132.7375,292.5916987103676,4,Value-Oriented Buyers,0,0,0
C1870,Individual,M,USA,Washington,Investment,1,No,Agency,45.8,3,680865.94,226955.31333333327,842.68,269.4110023653593,3,Value-Oriented Buyers,0,0,1
C1871,Individual,F,USA,Texas,Home,1,Yes,Website,64.8,4,1096466.77,274116.6925,1000.415,281.5105417910469,4,Value-Oriented Buyers,0,1,0
C1872,Individual,M,Mexico,Mexico City,Home,5,No,Client,85.8,3,1284121.27,428040.4233333333,1452.263333333333,296.96334982942363,3,Premium Home Buyers,1,0,0
C1873,Individual,F,Canada,British Columbia,Home,5,No,Agency,66.9,4,841611.53,210402.8825,727.265,288.6266198396608,4,Value-Oriented Buyers,0,0,0
C1874,Individual,M,USA,Colorado,Investment,1,No,Agency,53.7,3,1058361.99,352787.33,1125.17,318.7436583675889,3,Value-Oriented Buyers,0,0,1
C1875,Individual,F,USA,Nevada,Home,2,No,Client,82.9,3,1220153.86,406717.9533333333,1339.73,301.4071582349448,3,Premium Home Buyers,1,0,0
C1876,Company,M,USA,Ohio,Investment,4,Yes,Website,45.4,3,1543986.34,514662.1133333333,1523.6933333333334,341.0254456076387,3,Premium Home Buyers,1,1,1
C1877,Individual,M,USA,Arizona,Home,5,No,Agency,64.9,3,905899.79,301966.5966666667,1008.13,302.9995785047871,3,Value-Oriented Buyers,0,0,0
C1878,Individual,M,USA,Washington,Home,5,No,Agency,59.1,3,958603.36,319534.4533333333,1097.4366666666667,297.0733645650432,3,Value-Oriented Buyers,0,0,0
C1879,Individual,F,USA,New York,Home,3,No,Website,49.5,3,1536294.68,512098.2266666666,1504.28,341.7799926238683,3,Premium Home Buyers,1,0,0
C1880,Individual,F,USA,California,Home,5,Yes,Client,28.6,4,1319939.53,329984.8825,1053.27,314.84860727143314,4,Value-Oriented Buyers,0,1,0
C1881,Individual,F,USA,Oregon,Home,2,Yes,Website,36.9,3,972731.09,324243.6966666667,1127.15,285.32389159621,3,Value-Oriented Buyers,0,1,0
C1882,Individual,F,USA,Virginia,Investment,3,No,Website,66.4,3,884144.1,294714.7,934.4333333333334,320.0476777469246,3,Value-Oriented Buyers,0,0,1
C1883,Individual,M,USA,California,Home,1,No,Agency,84.8,4,1877399.32,469349.83,1489.11,307.7912661917265,4,Premium Home Buyers,1,0,0
C1884,Individual,M,USA,Nevada,Home,5,Yes,Website,72.2,3,930994.21,310331.4033333334,997.4133333333332,311.2382202659357,3,Value-Oriented Buyers,0,1,0
C1885,Individual,M,Germany,Hamburg,Home,1,Yes,Agency,58.8,4,1740983.97,435245.9925,1564.0775,279.8659324745495,4,Premium Home Buyers,1,1,0
C1886,Individual,F,USA,California,Home,5,No,Website,26.7,3,774293.9299999999,258097.97666666663,842.68,307.6468005397266,3,Value-Oriented Buyers,0,0,0
C1887,Individual,F,USA,Oregon,Investment,1,No,Agency,40.1,3,822999.76,274333.25333333336,941.21,300.6392869450787,3,Value-Oriented Buyers,0,0,1
C1888,Individual,M,USA,California,Home,3,No,Website,64.2,4,981962.01,245490.5025,820.9224999999999,302.8768244814325,4,Value-Oriented Buyers,0,0,0
C1889,Individual,M,USA,California,Home,4,Yes,Website,38.8,3,1193609.3,397869.76666666666,1205.9633333333334,330.7013344577876,3,Premium Home Buyers,1,1,0
C1890,Individual,M,Canada,Ontario,Home,4,No,Client,71.7,4,1209659.27,302414.8175,1042.1725,294.60075741505455,4,Value-Oriented Buyers,0,0,0
C1891,Individual,M,USA,Oregon,Home,2,No,Agency,54.5,4,1466482.7999999998,366620.7,1244.8049999999998,301.20838735265954,4,Premium Home Buyers,1,0,0
C1892,Individual,F,USA,Nevada,Investment,5,Yes,Agency,75.2,3,978638.94,326212.98,1033.4833333333331,310.0510647075858,3,Value-Oriented Buyers,0,1,1
C1893,Individual,F,USA,Washington,Home,1,Yes,Website,63.6,4,1458732.84,364683.21,1146.015,317.126581695753,4,Premium Home Buyers,1,1,0
C1894,Individual,F,USA,Texas,Investment,4,No,Website,81.8,4,1284918.37,321229.5925,1027.81,313.32969182679483,4,Value-Oriented Buyers,0,0,1
C1895,Company,M,USA,Nevada,Investment,4,No,Agency,57.1,3,1170571.86,390190.62000000005,1308.513333333333,292.0661701559032,3,Premium Home Buyers,1,0,1
C1896,Individual,M,USA,Virginia,Investment,3,No,Agency,71.2,3,1158311.0,386103.6666666667,1139.1533333333334,332.0831771607045,3,Premium Home Buyers,1,0,1
C1897,Individual,F,Canada,Ontario,Home,2,No,Website,75.6,4,1108918.34,277229.585,941.61,293.9912328018773,4,Value-Oriented Buyers,0,0,0
C1898,Individual,M,USA,New York,Home,1,Yes,Website,47.3,4,1159717.54,289929.385,951.82,309.5154160823681,4,Value-Oriented Buyers,0,1,0
C1899,Individual,M,UK,England,Home,3,No,Website,30.3,3,1001627.28,333875.76,1221.3833333333334,275.4269693043849,3,Value-Oriented Buyers,0,0,0
C1900,Individual,F,UK,England,Investment,4,No,Client,28.1,4,1185889.79,296472.4475,1210.7375000000002,246.92189962494413,4,Value-Oriented Buyers,0,0,1
C1901,Individual,M,Canada,British Columbia,Home,4,No,Agency,43.9,4,1357680.7,339420.175,1151.37,286.53053886099826,4,Value-Oriented Buyers,0,0,0
C1902,Company,M,USA,Colorado,Investment,2,No,Agency,45.9,4,1127600.93,281900.2325,885.395,319.7409942393335,4,Value-Oriented Buyers,0,0,1
C1903,Individual,F,USA,Nevada,Home,2,No,Website,35.6,4,1453139.0699999998,363284.7675,1192.72,307.6174957186796,4,Premium Home Buyers,1,0,0
C1904,Individual,M,USA,Texas,Home,2,Yes,Website,77.4,4,1337265.67,334316.4175,1073.7375,312.78389323837047,4,Value-Oriented Buyers,0,1,0
C1905,Individual,M,USA,Virginia,Home,1,No,Website,65.5,3,1180529.35,393509.7833333334,1354.2933333333333,288.3733516557424,3,Premium Home Buyers,1,0,0
C1906,Individual,F,USA,California,Home,2,No,Agency,70.9,4,1487182.67,371795.6675,1158.6325,328.4346675707875,4,Premium Home Buyers,1,0,0
C1907,Individual,M,USA,Colorado,Home,3,No,Website,75.7,4,1751481.15,437870.2875,1349.2,324.815883878142,4,Premium Home Buyers,1,0,0
C1908,Individual,F,USA,California,Home,2,No,Website,50.4,4,1543714.5,385928.625,1324.385,293.2611476473817,4,Premium Home Buyers,1,0,0
C1909,Individual,F,USA,California,Investment,2,No,Agency,41.3,3,1238663.76,412887.92,1313.16,307.7218062143661,3,Premium Home Buyers,1,0,1
C1910,Company,M,USA,California,Home,2,Yes,Agency,41.3,4,816793.9099999999,204198.4775,735.11,278.7743160260709,4,Value-Oriented Buyers,0,1,0
C1911,Individual,M,USA,California,Home,5,No,Agency,36.8,3,1195691.95,398563.9833333333,1268.0466666666669,314.3975058533925,3,Premium Home Buyers,1,0,0
C1912,Individual,F,USA,Utah,Investment,1,No,Website,72.0,3,863871.21,287957.07,952.0733333333334,304.57284050774507,3,Value-Oriented Buyers,0,0,1
C1913,Individual,M,France,Provence,Home,5,No,Website,45.7,4,1210353.53,302588.3825,972.245,312.1120482796222,4,Value-Oriented Buyers,0,0,0
C1914,Individual,F,UK,Scotland,Home,4,Yes,Website,33.0,3,1553786.78,517928.9266666667,1584.7333333333331,328.5550278318196,3,Premium Home Buyers,1,1,0
C1915,Individual,F,USA,Arizona,Investment,4,No,Client,61.9,3,1015184.58,338394.86,1076.6899999999998,307.0413156033585,3,Value-Oriented Buyers,0,0,1
C1916,Individual,M,USA,California,Investment,2,No,Website,77.8,3,1257058.52,419019.50666666665,1303.7766666666666,320.95935335974565,3,Premium Home Buyers,1,0,1
C1917,Individual,F,Australia,New South Wales,Home,2,No,Client,54.9,4,1007433.23,251858.3075,820.9224999999999,307.16436969901207,4,Value-Oriented Buyers,0,0,0
C1918,Individual,F,USA,California,Home,1,No,Client,85.9,4,1019401.51,254850.3775,765.6675,329.1017639574258,4,Value-Oriented Buyers,0,0,0
C1919,Company,F,USA,Nevada,Investment,1,No,Website,58.6,4,1083015.76,270753.94,929.2725,289.4568471935533,4,Value-Oriented Buyers,0,0,1
C1920,Individual,M,Germany,North Rhine-Westphalia,Home,5,No,Agency,56.8,4,1523588.92,380897.23,1278.045,300.2689461558509,4,Premium Home Buyers,1,0,0
C1921,Individual,F,France,Provence,Home,5,No,Website,69.6,3,980793.68,326931.2266666666,1089.46,304.8163605451686,3,Value-Oriented Buyers,0,0,0
C1922,Individual,F,USA,California,Home,1,No,Agency,37.9,3,1549836.17,516612.0566666666,1592.1233333333332,322.46928138999664,3,Premium Home Buyers,1,0,0
C1923,Individual,F,Mexico,Jalisco,Investment,1,Yes,Client,79.1,4,1302917.16,325729.29,1140.38,288.1811349920287,4,Value-Oriented Buyers,0,1,1
C1924,Individual,M,USA,California,Home,3,No,Client,68.4,4,1453954.37,363488.5925,1253.3075,292.1235154177175,4,Premium Home Buyers,1,0,0
C1925,Individual,M,USA,Colorado,Home,2,No,Agency,84.6,4,1165252.94,291313.235,1093.05,267.8345424544329,4,Value-Oriented Buyers,0,0,0
C1926,Individual,M,Mexico,Puebla,Home,1,Yes,Website,29.3,4,1238034.03,309508.5075,1014.73,299.93812538471843,4,Value-Oriented Buyers,0,1,0
C1927,Individual,F,USA,California,Investment,1,Yes,Website,74.3,4,1325474.94,331368.735,1280.6875,259.03798557564846,4,Value-Oriented Buyers,0,1,1
C1928,Individual,M,Australia,New South Wales,Home,4,Yes,Client,28.5,3,741930.22,247310.07333333333,736.0433333333334,333.5509957483036,3,Value-Oriented Buyers,0,1,0
C1929,Individual,F,Mexico,Jalisco,Home,1,Yes,Agency,84.8,4,1329874.96,332468.74,1127.175,302.5375656209607,4,Value-Oriented Buyers,0,1,0
C1930,Individual,F,USA,Colorado,Investment,3,No,Agency,60.6,4,1184992.23,296248.0575,990.9875,299.0295730189038,4,Value-Oriented Buyers,0,0,1
C1931,Individual,F,USA,Utah,Home,5,Yes,Website,31.6,4,1323884.11,330971.0275,1047.99,312.3234963116273,4,Value-Oriented Buyers,0,1,0
C1932,Individual,F,USA,California,Investment,2,No,Website,64.2,4,1713149.19,428287.2975,1342.1525,318.9128248658138,4,Premium Home Buyers,1,0,1
C1933,Company,F,Australia,Queensland,Home,1,No,Client,32.3,3,822428.05,274142.68333333335,851.87,321.78877914612053,3,Value-Oriented Buyers,0,0,0
C1934,Individual,M,France,Ile-de-France,Investment,4,Yes,Client,48.4,4,1719384.46,429846.115,1422.9925,295.4938593970128,4,Premium Home Buyers,1,1,1
C1935,Individual,F,USA,Arizona,Home,5,No,Website,43.3,3,1205890.37,401963.4566666667,1357.1933333333334,299.8546491353381,3,Premium Home Buyers,1,0,0
C1936,Individual,M,Russia,Krasnodar Krai,Home,1,Yes,Agency,42.5,3,965899.1,321966.3666666667,992.22,323.68773843654736,3,Value-Oriented Buyers,0,1,0
C1937,Individual,F,USA,Arizona,Home,3,Yes,Website,65.4,4,1707838.06,426959.515,1419.32,300.19888486318166,4,Premium Home Buyers,1,1,0
C1938,Individual,M,Canada,Quebec,Home,4,Yes,Website,53.0,3,1154671.2,384890.4,1205.9633333333334,320.77245860567785,3,Premium Home Buyers,1,1,0
C1939,Individual,F,USA,Florida,Investment,1,Yes,Agency,46.9,3,674304.95,224768.31666666665,839.1433333333334,270.8901357700737,3,Value-Oriented Buyers,0,1,1
C1940,Individual,F,Canada,Manitoba,Home,4,No,Agency,29.6,4,1403901.14,350975.28500000003,1216.595,281.8854754228004,4,Premium Home Buyers,1,0,0
C1941,Individual,F,USA,Nevada,Home,5,No,Client,83.2,4,1368615.25,342153.8125,1140.38,303.5780218121445,4,Premium Home Buyers,1,0,0
C1942,Company,F,USA,Nevada,Home,2,Yes,Agency,41.8,3,1133984.52,377994.84,1313.16,278.3780596993292,3,Premium Home Buyers,1,1,0
C1943,Individual,M,USA,Arizona,Home,1,No,Website,53.4,3,967521.23,322507.07666666666,1042.71,308.8141987199651,3,Value-Oriented Buyers,0,0,0
C1944,Individual,M,USA,California,Investment,1,No,Website,40.5,4,1971083.93,492770.9825,1602.67,304.51340399550395,4,Premium Home Buyers,1,0,1
C1945,Individual,M,Mexico,Mexico City,Investment,3,No,Website,59.5,4,1112541.88,278135.47,939.4875,293.83835064246847,4,Value-Oriented Buyers,0,0,1
C1946,Individual,M,USA,California,Home,1,No,Agency,71.6,3,1056227.37,352075.79000000004,1111.25,315.409987451597,3,Value-Oriented Buyers,0,0,0
C1947,Individual,M,USA,Nevada,Home,3,No,Website,47.5,3,1247905.56,415968.52,1328.47,314.1444138514114,3,Premium Home Buyers,1,0,0
C1948,Individual,F,USA,Arizona,Home,2,No,Agency,71.6,3,1530233.0,510077.6666666667,1527.8633333333337,332.3203697226779,3,Premium Home Buyers,1,0,0
C1949,Individual,F,USA,Colorado,Home,2,Yes,Agency,71.1,3,1020270.72,340090.24,1274.52,264.79475294846344,3,Value-Oriented Buyers,0,1,0
C1950,Individual,M,USA,Ohio,Home,4,No,Agency,51.4,4,1033306.43,258326.6075,933.355,297.64023677145923,4,Value-Oriented Buyers,0,0,0
C1951,Individual,M,USA,Utah,Home,1,Yes,Website,30.0,4,1128864.17,282216.0425,972.335,296.75692284139825,4,Value-Oriented Buyers,0,1,0
C1952,Company,M,USA,Nevada,Home,3,No,Agency,34.2,3,1235262.65,411754.2166666666,1451.5366666666669,273.7194148154275,3,Premium Home Buyers,1,0,0
C1953,Individual,M,Germany,Bavaria,Home,1,Yes,Website,53.8,4,1199064.43,299766.1075,946.6525,323.546348406674,4,Value-Oriented Buyers,0,1,0
C1954,Individual,F,Australia,Western Australia,Investment,3,No,Website,60.4,3,809731.0700000001,269910.3566666667,899.9899999999999,299.26368218742385,3,Value-Oriented Buyers,0,0,1
C1955,Individual,M,Canada,Quebec,Home,1,No,Website,28.2,4,1707150.06,426787.515,1380.26,316.1590016380276,4,Premium Home Buyers,1,0,0
C1956,Individual,F,USA,Oregon,Home,2,No,Agency,59.0,4,1224023.79,306005.9475,920.7075,313.3520364570359,4,Value-Oriented Buyers,0,0,0
C1957,Individual,M,USA,California,Home,4,Yes,Website,63.9,4,1318838.26,329709.565,1150.2,285.08614976753097,4,Value-Oriented Buyers,0,1,0
C1958,Individual,F,USA,California,Home,3,No,Website,55.9,4,1567012.19,391753.0475,1287.0549999999998,308.3990536533559,4,Premium Home Buyers,1,0,0
C1959,Individual,F,USA,Texas,Home,1,No,Website,84.5,3,626084.02,208694.6733333333,753.3133333333334,276.9890035951335,3,Value-Oriented Buyers,0,0,0
C1960,Individual,F,USA,Colorado,Home,2,Yes,Website,39.5,3,1196488.96,398829.6533333333,1350.493333333333,292.25388007624105,3,Premium Home Buyers,1,1,0
C1961,Individual,M,USA,California,Home,5,No,Agency,31.9,4,1289265.38,322316.345,1138.4975,280.62577570747106,4,Value-Oriented Buyers,0,0,0
C1962,Individual,F,Mexico,Puebla,Home,5,No,Agency,31.6,3,971475.24,323825.08,1108.1033333333332,296.82421576256144,3,Value-Oriented Buyers,0,0,0
C1963,Company,M,USA,Texas,Home,5,No,Website,58.6,3,983925.13,327975.04333333333,1090.7733333333333,309.28015850204434,3,Value-Oriented Buyers,0,0,0
C1964,Individual,M,USA,Virginia,Home,5,No,Agency,54.2,3,1149434.67,383144.89,1359.24,278.58260396394013,3,Premium Home Buyers,1,0,0
C1965,Individual,M,USA,California,Home,4,No,Agency,28.9,3,1489053.39,496351.13,1579.3133333333335,314.319892365033,3,Premium Home Buyers,1,0,0
C1966,Individual,M,Canada,British Columbia,Home,1,No,Agency,61.9,4,1210176.2,302544.05,1111.6475,272.97907493688416,4,Value-Oriented Buyers,0,0,0
C1967,Individual,M,USA,Oregon,Investment,4,No,Agency,68.9,3,747143.37,249047.79,859.2633333333333,286.7718601663633,3,Value-Oriented Buyers,0,0,1
C1968,Individual,F,USA,California,Investment,3,Yes,Client,68.5,3,987718.99,329239.66333333333,1072.7266666666667,313.92486192092457,3,Value-Oriented Buyers,0,1,1
C1969,Individual,M,USA,Colorado,Investment,2,Yes,Agency,33.2,4,1030940.43,257735.1075,854.58,294.26164637460386,4,Value-Oriented Buyers,0,1,1
C1970,Individual,M,USA,Arizona,Investment,4,Yes,Website,48.5,3,1346312.7000000002,448770.9000000001,1361.743333333333,322.30001375823184,3,Premium Home Buyers,1,1,1
C1971,Individual,F,USA,Virginia,Home,5,No,Website,50.1,3,673422.3200000001,224474.1066666667,775.5666666666666,301.0954714988204,3,Value-Oriented Buyers,0,0,0
C1972,Individual,F,USA,California,Home,4,Yes,Website,54.3,3,943260.84,314420.28,1077.3333333333333,295.6179663876726,3,Value-Oriented Buyers,0,1,0
C1973,Company,M,USA,Washington,Home,4,Yes,Agency,32.9,4,1450499.68,362624.92,1214.7825,298.7315859126308,4,Premium Home Buyers,1,1,0
C1974,Individual,M,USA,Nevada,Home,5,Yes,Agency,75.9,4,968686.85,242171.7125,809.6575,301.68832968184125,4,Value-Oriented Buyers,0,1,0
C1975,Individual,F,Belgium,Wallonia,Home,4,No,Agency,51.3,3,985031.21,328343.73666666663,1023.88,318.46222697643447,3,Value-Oriented Buyers,0,0,0
C1976,Individual,M,USA,Florida,Home,5,No,Client,31.4,4,1146120.65,286530.1625,1030.29,272.6222730317005,4,Value-Oriented Buyers,0,0,0
C1977,Individual,M,USA,Virginia,Home,1,No,Website,32.1,4,2001430.43,500357.6075,1577.2325,315.08520637386266,4,Premium Home Buyers,1,0,0
C1978,Company,F,USA,California,Investment,5,Yes,Website,59.2,3,1205900.67,401966.89,1290.0866666666668,317.3931776315053,3,Premium Home Buyers,1,1,1
C1979,Individual,M,USA,Colorado,Home,3,Yes,Agency,84.2,4,1287568.79,321892.1975,1014.73,317.2145822998733,4,Value-Oriented Buyers,0,1,0
C1980,Individual,F,USA,Texas,Investment,4,No,Website,69.9,4,1579565.09,394891.2725,1228.8325,319.99056130249653,4,Premium Home Buyers,1,0,1
C1981,Individual,F,Canada,Quebec,Home,5,No,Agency,33.9,4,1440160.68,360040.17,1245.935,292.4342978172096,4,Premium Home Buyers,1,0,0
C1982,Individual,M,USA,California,Home,4,Yes,Website,79.3,3,1545398.56,515132.8533333333,1669.3466666666666,309.67606560331507,3,Premium Home Buyers,1,1,0
C1983,Individual,M,UK,Northern Ireland,Home,3,No,Website,65.4,4,1317304.52,329326.13,1070.475,303.97094660567086,4,Value-Oriented Buyers,0,0,0
C1984,Individual,M,USA,California,Home,4,No,Website,69.8,3,846287.21,282095.73666666663,994.52,283.34620973678204,3,Value-Oriented Buyers,0,0,0
C1985,Individual,M,UK,Scotland,Home,1,Yes,Agency,62.8,4,1149379.86,287344.965,1014.73,285.3976580367843,4,Value-Oriented Buyers,0,1,0
C1986,Individual,M,USA,New York,Investment,1,No,Website,49.3,4,1442798.93,360699.7325,1153.5575,313.1761603919817,4,Premium Home Buyers,1,0,1
C1987,Individual,M,Belgium,Wallonia,Investment,5,No,Website,39.8,4,1316082.96,329020.74,1104.1725,304.149336089631,4,Value-Oriented Buyers,0,0,1
C1988,Individual,M,USA,California,Home,5,Yes,Website,31.9,4,1301018.95,325254.7375,972.245,331.33023855167505,4,Value-Oriented Buyers,0,1,0
C1989,Individual,M,USA,Texas,Home,3,No,Agency,66.7,4,1380788.86,345197.215,1135.325,305.11506404471834,4,Premium Home Buyers,1,0,0
C1990,Individual,M,USA,Texas,Investment,5,No,Agency,49.7,3,1253745.81,417915.27,1303.4733333333334,316.3867890611018,3,Premium Home Buyers,1,0,1
C1991,Individual,F,USA,California,Home,3,No,Website,75.9,4,1134341.88,283585.47,900.39,307.04473333664754,4,Value-Oriented Buyers,0,0,0
C1992,Individual,F,USA,Texas,Home,3,Yes,Website,83.6,3,1266058.76,422019.5866666666,1445.08,300.26582567809544,3,Premium Home Buyers,1,1,0
C1993,Individual,M,USA,New York,Home,2,No,Website,40.9,3,1385369.38,461789.7933333333,1454.41,320.9228416069944,3,Premium Home Buyers,1,0,0
C1994,Individual,F,USA,Oregon,Investment,3,Yes,Website,32.1,3,1257875.21,419291.7366666666,1454.41,290.66709087729345,3,Premium Home Buyers,1,1,1
C1995,Individual,F,USA,California,Investment,4,No,Agency,33.3,4,1044043.64,261010.91,905.7525,288.855844533881,4,Value-Oriented Buyers,0,0,1
C1996,Individual,F,USA,Nevada,Home,1,Yes,Website,34.1,4,1151831.48,287957.87,1027.325,270.3771253746574,4,Value-Oriented Buyers,0,1,0
C1997,Individual,M,USA,Arizona,Home,4,Yes,Website,83.9,4,1101825.4,275456.35,910.42,299.63884952974826,4,Value-Oriented Buyers,0,1,0
C1998,Individual,M,USA,Virginia,Home,5,Yes,Website,62.9,3,1023688.56,341229.52,1140.4,307.2091253144208,3,Value-Oriented Buyers,0,1,0
C1999,Individual,M,USA,Ohio,Home,4,Yes,Client,82.2,3,838587.38,279529.12666666665,919.0466666666666,304.6441682419148,3,Value-Oriented Buyers,0,1,0
C2000,Individual,F,USA,Georgia,Home,1,Yes,Agency,30.4,3,913528.5,304509.5,1033.4833333333331,297.2942091320212,3,Value-Oriented Buyers,0,1,0
